"ALPA4","BBAS3","BBDC3","BBDC4","CMIG4","CPLE6","ELET3","ELET6","EMBR3","GGBR4","ITSA4","LIGT3","PETR3","PETR4","SBSP3","VIVT3"
"1",-6.3551237016,-5.9523821403,-2.0786792136,3.2005468565,-23.95061792,-17.714287478,-17.047655833,-13.722832525,-7.8888893127,4.1666673134,-8.5005414918,20.628141599,-14.991126438,-11.304351093,-5.7048544344,33.24347855
"2",2.4271821483,-5.6961990248,-10.708151812,-12.924411081,-5.4870139767,12.50000485,-4.3925235163,-7.1736047211,1.7454426135,-1.6000047088,-3.5294153121,1.6413251746,26.466875429,12.745102192,-12.249998565,18.749998468
"3",9.9526058319,-14.248765842,9.9345329787,13.243935705,4.7062856182,-6.507126333,1.0101011329,3.5548712231,8.7956325346,-7.5203240336,3.8445404232,-9.8323721691,4.3049474101,4.4496137709,0.56979321598,-15.444107336
"4",-5.1189039763,-4.610490986,-6.9167932417,-8.1199863084,-7.6850157927,-9.0847454288,-13.870968439,-11.044779322,6.1452536587,-4.1758212607,-8.8235347741,-5.2999976293,-9.0909072437,-8.8771204794,-3.39828055,-11.151319328
"5",14.813393619,-4.9999992239,-4.7893832279,-6.5722074679,2.1818212606,9.619687034,8.9138594965,3.6912751888,-13.789478101,-4.8623838474,-3.8709641693,-12.642798917,1.2499987894,-2.5807938478,-21.988267673,2.1843773236
"6",0.016667243108,13.157896671,20.656146891,27.561080426,14.313815878,15.646263416,27.23521583,29.126218684,34.736059462,8.2308999627,17.650236072,12.631870162,30.814813299,30.07159912,10.522530639,-28.623187354
"7",8.3416640142,-3.1007770406,1.8683502376,-0.71159630024,6.1904744445,-3.9411816138,6.7567602942,6.5413481536,-7.4659057839,6.7272731891,2.2857121059,18.54236854,-12.419777412,-14.091743679,16.789826893,4.0609162492
"8",10.492666036,0.92649453072,6.6917264263,8.3385520786,-2.5411045969,1.1022684575,-13.670890516,-12.96165317,16.949151092,11.158434391,8.8280332144,0.41563814921,24.245688858,17.684747615,23.125000815,14.634139249
"9",-0.70422675626,1.4610425565,-5.1665582948,-0.17878882545,-6.2883470636,-0.060572631901,5.2785943615,1.2702736336,7.9796036396,-9.3869749438,-2.9579102967,2.8687345781,-4.2497843852,-4.3557128451,-7.1873922047,-16.170209629
"10",-6.3829809719,-6.5599976992,-16.574077509,-22.606431874,-5.1391142931,5.0303046723,-5.5710314789,-9.5276258548,-12.044370189,-15.433405237,-13.90374277,-13.150872817,0.18115665353,-3.9658446343,-3.3762125035,-7.8680210966
"11",-1.5151545939,-2.3972624859,35.732991966,14.615646167,-13.043477981,-9.9826923401,-4.1002918473,-2.3893836041,-8.3783808397,-25.049998053,-1.2422348292,-3.2110089234,-7.7938474106,-6.1450317583,-11.25000379,-3.5812662846
"12",0,4.7368372467,20.369971395,30.42483333,11.90476384,2.971538199,10.888950945,8.824423765,21.989916092,18.879256731,25.219905589,6.1611429966,-4.883313584,-3.6210552015,17.0078624,6.5714333459
"13",32.307701654,32.663316661,-7.4274720231,-3.1220996505,26.91489165,24.683550721,20.055701025,20.169113806,28.744932206,25.206239765,6.2176169964,14.285716186,12.989689148,19.069462156,27.011498387,41.262011265
"14",-9.8837232976,-6.3043195679,-8.8632506059,-15.044904024,-14.221849936,-4.5685295986,-4.2344519484,-8.7956039713,-2.2012543158,-11.21495986,-10.243898723,-16.015627592,4.9452538726,0.73381313177,4.9773721485,-1.2499978658
"15",0.081358995703,0.55324810983,-1.4026330035,1.6796461765,-10.749185608,-4.6079158302,3.6722447998,9.5616466151,3.4788947745,0,-3.4481334055,-6.0465099195,-6.4505291238,-10.317114031,-18.534482316,-9.2827000903
"16",1.3513540725,18.982122065,6.3242471631,7.2334760263,-7.8467121901,-6.1931787394,-9.638547187,-13.853468563,18.686862727,6.2631641224,8.6206882377,-25.742573892,14.368935001,13.689589393,-4.238095332,13.023250575
"17",-4.0000079473,-9.2485605145,-1.1513834648,-4.613778843,-8.9108940836,-3.0890349998,-19.680002543,-25.979678405,1.0638338887,-21.495791658,8.4656067636,-8.0133375321,13.752119294,11.985014098,-8.2877512354,-0.45267643336
"18",-6.2499922389,22.293004059,-1.3560350782,2.2805808667,19.130434642,8.1249974533,-2.0584331321,6.6666700755,-5.6587383132,12.870666382,0.63310630449,2.9134696973,-10.223878319,-9.7157151048,0.0060236638092,-9.0119841468
"19",5.9259266618,-8.02084067,-2.6015521654,-3.618011489,-4.0145985153,2.3121347453,22.033892312,13.933825012,-1.7917115559,-2.6455350006,0,-19.718312446,-1.0823606137,2.3220672936,-0.30120095289,-6.6333523152
"20",-6.8053222275,2.5987460551,-4.2189679561,-1.1763404962,5.285174159,3.6723154626,1.3888917632,3.2591180354,-22.690993661,-2.8268547361,-4.9556730906,1.7456122127,-1.4706696167,1.533572048,1.2084616626,6.6180100841
"21",-6.1068656702,-17.633932446,-4.8467063226,-7.6350955066,-7.1867157416,-15.531334513,-12.273974386,-8.1250032742,-43.769286901,-17.575756036,-7.589832598,-29.735319709,-8.1597171403,-6.7272741145,-34.925376321,-12.825199896
"22",-3.2520329635,4.3360449166,-5.0972899679,-3.2743732441,3.8910513451,-11.801779946,9.3066876176,13.231286989,32.432433303,38.97058315,6.1452523267,12.269935902,0.94517955695,1.1695951223,2.7522992219,9.7905801642
"23",-8.4033656589,18.311688751,11.665347408,10.575564381,14.269669027,13.13433147,-7.7142885424,-7.7801107315,-1.4285749041,16.402118488,12.105270587,30.557379975,-4.4943847514,-5.3949960877,18.303561391,11.111109137
"24",-0.91742623863,16.245884699,17.204979926,14.075981996,10.285277473,10.817938354,3.095981588,1.6286617283,30.501969755,-2.7272681091,2.0109697234,2.5531553949,2.9215719185,4.1751590947,-0.37735365268,8.1115879555
"25",1.851848658,-15.01416859,-4.1783500542,-3.4999327226,5.9999977422,1.190485298,12.984840288,13.711883152,-3.677058591,14.48092718,-0.88313512424,0.44894445764,-5.5248646088,-5.9628601383,3.0303091879,1.5536736852
"26",7.2727285042,18.43714166,13.468177082,14.649310607,4.6312239399,5.8823426289,16.118333847,11.450610757,3.1535278707,12.494629599,14.218019225,-0.36567540737,17.362372623,16.63201716,10.234239016,8.9743598928
"27",-5.042376124,11.538459816,-0.42382876545,2.2685199887,-5.4644815974,-4.3888888659,-4.4793662755,-4.2276026173,4.5506588909,7.2519102421,-1.1272448685,-11.108395523,9.2553444625,6.951874458,-2.6615965705,8.0000026295
"28",2.1725034498,16.293103275,4.6941480226,-0.97605933943,7.8034709153,-1.2202112051,-7.4935418675,-4.3795602177,8.6486486951,12.099643161,0.38663505402,-9.1659779375,-5.1386586466,-4.9004360711,13.515620316,-6.6811944871
"29",-8.2235317702,-2.8910282843,-9.1868779909,-5.2842483349,-3.5769428832,-12.630403647,-9.7765356442,-9.8931256847,10.033167463,-1.5873047786,-9.9137942109,-2.9537598433,0.36113341175,-0.72832797614,-22.229871075,3.1128425257
"30",1.9900942691,-31.98473086,-14.790029986,-15.825296276,-5.4373495132,-20.618559472,-9.1021646475,-9.1833326906,5.0969854014,-5.4838677502,-8.8991151593,-11.61343203,-9.184373808,-9.9413094977,-8.1561067414,-5.6603748388
"31",-2.9220438244,-3.254768455,-14.089914375,-21.431487688,-17.187504911,-9.0909098239,-26.771114789,-22.761190814,-1.154400082,1.7482529043,-17.894738823,-8.532502245,-15.094339622,-16.680242121,-20.346622914,-2.0000040233
"32",14.990001693,31.329674888,8.7607159783,18.093341678,5.2830169849,2.7619036553,3.7209237853,5.314009575,-13.722628763,12.88659807,16.107496227,-5.9580852628,7.3333316379,7.5531658862,7.0431363392,-3.265300661
"33",-12.166274872,-26.538101956,-19.393912035,-21.471375053,-25.591396529,-33.734938511,-32.959640488,-30.7339437,0.13406959806,-22.070019579,-19.915205969,-23.557050094,-16.770183441,-16.136360168,-8.3891470316,-12.025315311
"34",18.811874396,21.374992942,17.815273555,20.807856781,18.978811065,18.321681164,35.183947113,27.152320332,13.617024523,32.773438679,31.468535957,-1.8437210933,20.895516298,20.05419351,12.607420423,22.777164166
"35",8.3166673156,4.0164749144,6.274830662,-0.48691310503,-2.8340107227,-7.9196213591,-1.138047629,0.5208324239,-7.0412023011,-3.2068184979,-5.3191502179,8.7164228959,0.91250987789,2.7208120318,-5.4669778487,0.80645021972
"36",-6.7820400875,-2.9702920996,20.163813249,15.377967289,12.919103059,28.369698949,18.1181206,21.450770821,4.7296608514,4.863213349,8.7173237551,-7.9764245485,9.9999984106,4.3869532721,10.843377928,-4.5819527243
"37",17.411249686,-1.8367391546,-12.77778968,-5.035470713,-5.2930106232,-13.89999905,-17.796610838,-13.267914013,-12.890629278,-3.5594736831,-1.5957431632,-14.602907046,-1.8939394214,2.3922343948,-6.6086973705,-0.96916624889
"38",-2.7267819454,3.8243406694,2.2793391061,3.1655515872,-9.3812329834,-8.2462287113,-13.402067497,-12.444668079,-30.1345271,4.8264954867,-1.6216200542,-27.500000466,-7.7026986922,-10.145232298,-10.509775982,2.3131683214
"39",26.234625682,9.6874908444,10.642817193,14.498912045,11.277528376,4.5569615775,8.5119116717,13.033713249,6.2901126254,-7.0719195167,16.83471339,-16.172410551,9.6626073391,12.536759855,6.0085846892,4.7364974662
"40",-3.333339956,20.607790155,4.5771267765,2.2838131747,21.931909626,15.617434765,22.819527673,23.260438057,2.0531410843,17.92920759,7.2009770562,25.503910252,6.7139196415,7.5215468729,26.36486346,17.15154857
"41",13.793111244,20.472443081,0.54377115157,-0.62823599928,-1.7857142858,3.1413658007,6.1172717442,12.183064653,6.0355058034,10.490880882,12.72727115,-6.5880065924,7.0110686043,5.8127912635,7.295614398,-4.1984732282
"42",-0.66666889434,-14.444447826,-8.3041569382,-9.2793137907,-12.892558624,-16.142136654,-14.710958942,-12.260385287,17.760749931,8.6798717304,-9.0556154607,-9.1228045868,-4.1379336653,-3.5802223089,-2.035079592,-5.1792814494
"43",2.5015221641,8.4797599193,7.9767913219,14.341403267,2.8462984154,-1.937038306,-0.96105705534,1.7296317592,0.95694146694,3.6210912909,11.111111111,-6.1776098984,9.1726662389,11.001961308,10.183477691,-5.0420159518
"44",1.6300176298,11.584254031,3.5629982893,4.956347916,19.520287092,2.4691315441,12.359554837,10.067109395,11.374405569,31.31103205,14.113798873,20.576135315,8.2372259019,7.6106181186,14.096918728,15.1327386
"45",5.3254457694,3.8961093938,-6.6652797887,-8.7649686991,6.0512565005,9.2771062842,10,9.9593519328,-2.9787266508,-7.9332894806,-9.0012963113,52.559725747,0.22831283532,-0.24670676494,-2.7567608121,19.907761124
"46",-4.4943836853,17.499994419,7.9805811636,5.4394510526,23.668121112,17.420070296,48.14049667,39.186692938,16.666670571,3.3434614219,12.06225972,-0.67114190651,2.0501162597,3.8746882359,1.7152415556,12.375344019
"47",11.747058823,30.319148936,22.435867235,17.986688078,10.875706214,19.624413146,14.337517433,10.783532536,9.022556391,17.393387638,6.25,17.995495496,10.438720301,10.946405902,14.138496369,-1.9108280255
"48",12.112284387,-2.0408163265,14.151233141,10.912885345,15.568975566,6.7503924645,18.321541839,8.3672980101,34.196381344,24.489795918,16.518708612,52.510020996,18.117977528,14.23444976,15.424204888,25.702898338
"49",-3,-15,-7.7094557854,-5.2324410577,-5.6872037914,-15.808823529,-27.628865979,-21.902654867,-7.2538860103,2.1173724574,-3.2258064515,-9.5118898622,1.0701545778,2.4738219896,-13.948715002,3.5342465753
"50",-1.6985003889,8.8629309137,1.1644097725,1.5659209876,4.5226130653,-4.8034934497,-7.1225071225,-2.2662889519,-5.9776536314,1.7142857143,6.5113497436,-22.531120332,6.2352941177,4.7387916718,13.259259259,1.8788039164
"51",5.2631578947,7.5288683604,-7.2001186931,-4.6958502557,-2.5961538461,0.36697247706,12.883435583,9.5652173914,6.9416913937,8.8930677033,-4.1309977402,3.0173183361,10.242118094,7.1595920199,-5.870174027,8.051948052
"52",0,-17.95532646,-13.802598364,-14.151045221,-9.3780848964,-10.642858098,-17.391304348,-14.603174603,-18.812989922,-7.738095238,-14.701321086,-17.660311958,-13.021101389,-12.631578947,-5.9978954754,-11.937112768
"53",1.7701329687,8.9005235601,8.1557310159,10.041739376,-4.3114826221,-3.7422037422,-5.0078136255,-2.7552752232,-1.8620689655,5.806451613,15.087719298,-5.1778572932,-4.7455621303,-3.9089692101,-11.492537313,2.849002849
"54",22,8.173076923,6.7475090958,8.1410656116,9.3185591859,8.5313174946,7.6573426573,5.789110958,18.162462371,13.262195122,9.9908301781,19.86681465,6.4728537707,7.7040958484,12.984822934,10.803324099
"55",-1.6393442623,2.3686531666,1.6162177313,-0.084271340256,20.51948052,9.4527363182,41.474504709,35.146579804,-2.7108433736,18.328767123,-4.1666666666,7.8333333333,0,1.0218600439,4.4925373135,0.49999999992
"56",18.178785586,8.2521700328,0.12133158434,1.8232880939,-3.0172413793,-9.0909090908,-7.7134986225,-8.3875632683,-8.1114551083,13.230992688,4.7924135712,5.61566203,5.4842473746,4.9935979514,-0.49278674487,-1.4925373135
"57",14.249999999,3.9175257732,2.7119733877,5.7226101162,12.830552224,2.3000000001,13.681592039,11.812680873,-5.4119053787,-3.8183694531,6.6057551674,-2.1951219511,14.71238938,14.43902439,-3.8110959592,2.2727272728
"58",3.1572366366,12.341269841,19.715805202,14.925290674,9.634551495,0.19550342113,-1.9693654267,-0.63529411764,-2.3861171367,-9.4635193133,7.8534031414,-5.5694098089,1.787487587,2.8731836195,-13.445754365,5.5942701118
"59",-10.0167584,12.5044154,4.8126507956,2.9714963326,-4.3181818183,22.146341463,-1.7857142857,2.8889415107,2.5925925927,17.43576353,3.1553398057,10.915492957,-0.34146341459,-0.58855002671,25.844827586,1.8219677253
"60",26.647534229,3.1517994106,20.105499315,13.367113196,4.3835660807,-7.3482428114,-12.5,-9.7813578826,15.74956783,-2.9820261439,11.898387609,-0.57142857131,4.2584434656,4.5748116254,9.9508785188,18.865030675
"61",-0.0083333332441,-4.9230769231,-5.1834639104,0.35860129883,-10.260219805,1.2931034484,-11.948051948,-16.096938776,-5.8860759494,-7.7894736842,-1.7391304348,-12.212643678,0.75117370889,-2.933607823,-12.511908542,-9.5698924731
"62",2.7863433063,1.1418768647,30.669431545,27.25682681,16.034482759,20.765957447,11.474926253,10.063849194,11.297915265,18.84146722,12.168141593,3.4733587925,18.359739049,17.953340403,14.740124307,10.558858501
"63",-7.0270270271,-4.5161290322,-4.8891381847,-5.5468504636,-8.6181277861,-11.839323467,-6.0862662079,-5.5248618785,-2.9848572801,-13.052011776,-2.4030278865,-2.4780316344,-7.4803149607,-7.2642272768,-17.032932034,-13.09959131
"64",-8.430232558,-1.1824324325,-4.0966536369,3.2922797673,18.536585366,13.438008982,-11.524373062,-4.649122807,-12.060301507,-17.618510158,0,-23.409623355,-7.1930962023,-6.8799460792,0.95969289832,-1.428973772
"65",7.8783916311,4.9572649574,9.1255662728,-2.7206217634,1.7072027689,0.072516316141,15.059825478,10.440449655,2.8571428571,1.9242814491,0.14406670798,47.058823529,4.2883720929,6.4021164022,9.0369678212,0.50102828845
"66",6.0303030305,3.0944625407,14.511005451,8.2625841258,1.9178082192,-3.4782608696,-8.12849162,-8.212121212,1.9053862472,-6.9958847736,3.4534275124,-8.8,8.2062260281,6.7130780706,-0.35915492954,-0.9041095891
"67",-0.89411251392,-1.1058451818,-3.8297444394,-0.12630764659,6.7568454047,-0.15015015006,-0.15202189115,0.85836909875,0.41265474556,10.17699115,1.5748031497,-7.4686668462,5.0205347414,3.4947768279,4.9491508784,-1.9076582804
"68",24.62961495,14.016762119,16.080527069,20.527407167,6.3129357088,1.7293233082,-0.73081607798,2.7823240589,9.5890410958,16.561682414,14.768667693,-12.463526469,18.675179569,19.287942742,1.3630136986,-1.3528748589
"69",6.408706167,24.390942964,16.301070376,8.8686036328,3.2179720705,28.677014043,37.116564417,36.942675159,4.0985853133,17.232924693,9.3472638642,-10.571428571,8.2716879624,9.6923076924,6.3517805258,1.5488546567
"70",1.8181818183,-4.6082949309,2.9490905326,6.5854040873,-3.5294117649,-5.4566341183,-11.856823266,-9.534883721,-2.4848484848,-8.7541081564,4.9844236761,-16.49033824,-11.428571428,-9.649368864,-8.5710655061,2.1439509952
"71",23.860385338,-5.3140096618,18.281999966,18.609667083,10.465787972,16.038882138,2.2842639593,4.2416452441,-3.0453697948,8.8407419184,12.017804154,5.9469941823,5.4698457221,6.3334368208,-1.4351634406,7.9460269866
"72",32.586520947,7.6530612245,4.5688125239,0.11874872652,6.4068100359,-5.8115183247,-5.7071960297,-2.3427866831,16.318147974,19.890176937,0.5055100457,-6.3453325199,9.8404255319,8.6423357665,17.046833122,4.1388888889
"73",14.919631817,26.895734597,26.820758908,28.567660209,18.892858934,12.562534741,4.7368421052,6.0606060604,21.666666667,22.13740458,21.621621622,-2.8664495115,26.691176471,28.030509398,17.197452229,7.4363601498
"74",7.5911536162,4.6994016202,-1.5067572524,0.72582647445,2.2897897898,15.061728395,13.040201005,11.071428571,-5.7077625572,3.0039904086,2.7777777777,34.004024145,-5.9779454441,-4.7872340426,-7.0108695652,1.8987341771
"75",-1.0035727003,0.92744135291,-12.63761787,-11.112963774,-9.4036697248,-6.9098712446,8.3574127584,2.7867095392,-5.4721549637,-0.81632653064,1.4122034594,-25.375375375,-4.1152263375,-3.5977653631,11.630625365,5.8385093167
"76",6.5610488169,11.150469906,2.3180045799,2.7433142845,1.8126582279,7.7616974211,23.595862979,20.022549052,-0.1024590163,11.296296296,2.141327623,7.4446680079,10.900556812,8.6972611274,6.8062827224,0.44600938963
"77",6.1441305448,-7.3371805442,-2.1910354699,-12.020503756,-9.6535496133,-17.030567686,-28.189712759,-25.547445256,-2.8205128205,-10.469033641,-7.763129369,-16.978776529,-3.0974318762,-4.8237075492,1.8553793947,-5.8308483453
"78",0.90909090904,-11.067615658,-8.5457677435,-3.2375966782,5.1534585433,7.3684210525,9.3023255813,10.049019607,5.3310838848,1.71875,-0.65527823763,9.022556391,-2.0837548047,-1.8636363636,-0.34448818888,4.0000000001
"79",-8.4084084085,-0.16006402557,6.7261291653,8.1643744345,2.9494538261,7.5980392157,-2.5531914894,-2.8953229397,-7.0707070708,4.4546850999,3.2110091743,3.1724137931,3.2024793389,3.9833256138,7.1604938272,-2.5641025642
"80",0.66551087748,0.072453999383,-2.1619676465,-4.4713968116,-5.9011164275,5.0113895217,2.1834061135,-1.8348623854,14.076086956,-7.997457688,1.1039157767,5.1470588234,-4.8648648649,-4.2316258353,8.3041474654,6.5789473683
"81",-1.6393442623,-1.0416666666,3.513455619,3.6197895808,-3.6158192091,6.2906724512,2.5641025641,5.1401869157,2.2800121855,-5.5250403878,-0.96962334155,0.44500953609,-4.5664983166,-5.6046511627,10.620372734,0.91358024692
"82",8.3555555555,9.347368421,5.9888097012,8.4714202869,8.347010551,-0.40816326527,-6.0416666667,-4.6666666667,4.3192488265,7.3871409029,8.6033519554,16.455696202,4.520396913,5.9374230104,-0.95391953218,4.9669684366
"83",15.018104999,13.881401617,6.9858642733,7.0286903614,6.0268340187,-2.0491803279,13.968957871,7.435897436,1.2151215122,9.7387847269,3.3950617284,10.27173913,9.9137931034,9.1190476192,1.359223301,3.8924108723
"84",16.143497758,9.6346251816,9.1927743342,6.3133269939,7.1435860802,4.6025104602,-0.60311284042,3.927099154,-1.4655045147,2.375366569,10.119735764,13.405618531,6.8431372549,8.6624481779,14.173717612,13.613445378
"85",1.9305019305,8.59375,1.9084054082,-0.20252455543,-3.1336317744,3.3600000001,-2.1334899198,0.20876826729,-3.3560090703,2.5494127758,7.6007326008,8.5614950021,-3.7749814952,-5.0253292806,-7.8498293516,2.4468370773
"86",-2.2727272728,-0.96826462386,-8.4849176148,-9.4529802538,-0.69813176005,-4.79876161,-9.9999999999,-7.0833333334,12.060065697,2.043977926,-1.3754283544,-5.3242594076,-7.9807692308,-8.5129080435,5.0037037037,-4.0414507772
"87",5.3438911018,-2.2338430001,7.3502260753,7.6699782656,0.0099019704066,-2.4390243902,2,0.44843049327,-1.3864848569,4.2805854735,0.96575943808,3.5940803382,8.1295715778,7.6026119403,-2.4725759233,2.214450172
"88",10.37037037,4.3634727846,4.5328494823,3.5740359021,13.975364677,12.921043008,-0.6535947713,6.674107143,2.1711366539,9.8781779661,6.4580750668,21.632653061,-0.34522489605,-1.2636067635,-0.52441229645,14.782608695
"89",4.515990885,14.21196764,12.72286515,12.515977969,5.9972105999,10.234705656,13.285394706,13.04493661,-3.125,5.0711003094,8.3783783783,3.3221476509,1.0937499999,1.6371681417,12.36502454,7.6342013563
"90",2.5740274821,6.1433260138,0.24767813502,-4.0327631663,7.9999999998,16.230366492,12.950340798,12.851485148,1.0154993364,14.4773358,0.76493632459,0.032478077264,13.562596599,12.407488027,8.7685239114,2.8551161555
"91",6.9182389938,6.1312298314,3.0942596028,4.8793096885,-7.4074074073,-6.4564564565,-14.224137931,-14.19547289,-13.321947053,-4.0404040404,-1.5689512798,-5.8441558441,3.7938074174,2.0720371806,7.6630176105,-0.44827586216
"92",-4.2679794471,-4.5950280318,-1.4772189278,-0.061606906729,-0.52631578956,2.7287319423,2.0703517586,-1.0224948875,8.3743842366,1.7814369299,-0.52307718024,-6.8965517242,0.91351632454,0.11122642936,5.6587091069,3.7235885002
"93",1.5432098766,10.067914607,6.3441181332,9.5432643593,3.1746031747,-8.4375000001,5.9472233163,6.1983471074,-7.2893679787,-0.1874999999,7.3155663807,13.703703703,13.606557377,13.409961685,-3.8702928869,-5.1594590082
"94",-1.7629179331,1.3272903851,7.2605425663,10.487827933,-4.8717948719,-1.7406143344,-0.18587360591,1.6731517509,3.5148514849,12.71133375,3.95256917,12.034492459,20.288507283,22.650134804,-0.37953502824,-1.4260563381
"95",-15.418362462,1.9039490408,-1.7399047905,-3.852013064,2.7493261456,-3.2650225772,-6.8901303537,-6.0466896288,-6.2649450024,-5.0766680481,-0.83216224875,-6.7605633803,2.1985986952,-0.16662038315,-1.8149226978,-14.664410752
"96",-5.875432017,-3.9702685153,-7.0097135867,0.12228095256,-14.742917103,-3.7701974867,-4.28,-6.517311609,3.3724412742,2.0825147347,-9.6153846152,-3.8267875126,24.113475177,22.948539638,-6.1387494296,3.9570757881
"97",-12.499999999,-3.7828947368,-14.792285506,-16.215411834,-13.969230769,-5.5597014925,-8.4830756373,-2.9193899783,-5.459057072,-12.798306389,-13.787234042,-18.708551483,-7.9046959169,-8.7128754662,-9.6523219062,-5.6582168163
"98",-6.4285714286,-3.1669402696,10.511444347,13.037644128,15.164520743,8.6922165154,13.561643835,11.310592459,-0.78740157469,22.636091375,8.8914708405,6.9128381279,1.3485477179,1.3059701492,8.5579640536,2.2988505747
"99",2.8708732916,-17.773252251,-10.015670566,-7.4839508757,-2.1739130435,4.2893493275,7.7603538399,1.6129032258,-6.1554696178,-2.0991675716,-4.1860465117,-7.1312618896,-8.2190378709,-9.1589932474,-3.9552238808,-9.9783720014
"100",-5.5986540799,25.054089139,15.586212141,17.464803769,17.526140564,8.2025264333,-6.7164179103,2.3809523809,-0.68689181453,21.57116451,17.131019924,12.753492564,13.102869237,14.366532295,7.7700077702,-3.5532994923
"101",24.758643593,13.47461939,4.0192174143,2.9131721383,10.231884058,-0.5344021376,19.885852726,11.109198582,-11.873198847,25.12005061,7.305936073,0.55955235821,13.438735178,16.113744076,10.430185051,11.316553557
"102",-20.3187251,-19.210809693,-13.941607387,-15.686359709,2.2350775702,9.4694425787,0.37300779932,-3.5185185186,-29.687371191,-6.2042012701,-13.33190763,-8.5850556439,-1.6550522648,-5.693877551,-10.77257889,-1.2195121951
"103",2.4999999998,-4.0152963671,0.042303250484,0.52648420533,-4.4495884773,-1.3190184049,2.7027027025,0.69097888681,11.996251171,-10.677083333,1.3765978369,8.695652174,-22.161204606,-22.311188054,-5.2195121952,-4.1234567901
"104",-28.02171914,-4.7153811363,-8.562778254,-9.6161354053,-5.2759084792,-12.962387317,-2.9605263157,-4.5367899352,15.732217573,-9.3448563098,-7.1447199293,-8.4,-2.9130632681,-2.7855153204,-2.7450823713,-0.025753283626
"105",-16.997671552,-3.6815930975,0.49401524484,3.3518221846,6.8485365158,-5.7142857143,-4.0677966102,-3.9536741215,-4.3685354955,-30.912052117,0.050357008149,3.4497816594,-1.0314111581,0.57306590243,-28.571428571,-0.051519835142
"106",-38.943894389,-35.076923077,-18.216641303,-18.872856229,-12.234042553,-9.6590909091,-7.2438162544,-2.7027027028,-14.122137404,-33.99339934,-24.369747899,-5.4875474883,-32.235907153,-33.58974359,-5.1233396584,-4.6391752577
"107",13.633793417,-2.2527231025,-3.5850859775,-1.7838446497,10.606060606,14.800838574,2.8571428571,4.2735042734,-23.911111111,5.2395134649,14.583333333,16.560187972,-16.987067459,-13.942513942,-6.32,-0.87335627741
"108",14.049987866,3.7601785492,-2.8999882395,-5.7938203209,-12.958904109,-12.344777209,-4.1111111112,-0.90163934428,2.9205607478,3.5051546392,-2.74405051,-8.9546022491,19.3019901,17.99873108,18.53116994,6.6282420748
"109",15.957446808,-3.2697547683,-8.9025927317,-7.8749318585,-1.0072395342,-9.2083333332,1.0428736965,0.90984284543,-1.3620885357,-0.19920318728,-8.1244587251,8.2342177493,10.476536922,9.5884413309,-8.1237798643,-0.49410163911
"110",-12.293577981,-0.26460118434,-0.47591036937,-0.4092548379,5.7233704292,2.3405231757,0.15290519877,-0.61475409839,-24.16570771,-15.768463073,-3.4153005465,8.0304311074,7.6720447811,5.4734318817,-4.2231075698,-2.9126213592
"111",8.8175394596,23.098405146,6.9891746834,11.675723794,3.7293233083,8.0717488791,-1.0687022901,3.4226804124,17.905918058,2.2393964337,17.595251041,-4.2721357384,8.1957186545,8.1439393938,7.3211314475,11.607981007
"112",44.652981427,9.4250148191,17.288610124,17.344481968,2.0928091189,16.328718487,11.11111111,13.157894736,13.899613899,21.705426357,17.691342534,7.3940486925,5.0779157042,4.6599110663,20.736434109,4.3080939948
"113",8.4935062456,15.111211608,8.0858563389,11.906688621,-0.60037523454,4.5555555555,-1.6626707832,-5.1603301783,9.6045197739,31.27388535,5.7957925372,3.4424853066,17.155266015,16.621530129,0.78268157213,5.3625053608
"114",-1.2501562695,0.97316404117,-2.0297874677,-4.3113034321,-0.52850132115,-3.294367694,6.7436661699,0.67114093963,-15.979381443,-0.53372149432,-2.6351049576,9.3749999998,-7.1130676551,-5.8055152394,-5.7467532467,0.97087378635
"115",-3.785289277,11.614730878,3.5048798025,2.6430952648,2.6565464896,4.3956043955,0.17452006978,1.1764705881,11.90184049,6.975609756,9.7477064221,-9.8330241188,-3.0741337311,-2.0726524136,8.1639683087,-12.235576923
"116",5.6593805719,11.494002626,1.8792138571,4.1111259146,2.5878003697,2.9122807018,-4.0069686413,-4.0697674419,10.96491228,0.59279525758,1.6900828408,-1.7695473251,-2.6459143967,-0.28598665403,10.50955414,1.8898931801
"117",-5,20.135745657,16.197848436,14.689005318,-2.7027027028,6.8871462667,0.18148820327,0.60606060615,1.2845849804,7.6609247506,10.904200289,3.4771679933,8.8462563281,11.536010197,-1.7291066282,6.1827956988
"118",5.25,-9.6701889209,-3.9693511673,-1.9167318224,1.888888889,-2.2328548645,-9.7463768116,-9.638554217,-12.780487804,10.736842105,-6.6231343285,-0.52631578947,-0.36900369005,0.68965517239,-1.7595307918,0.49366602252
"119",22.891512923,9.9706144081,4.0868779628,5.6569493308,9.4147582698,12.624556907,16.419108792,12.311111111,-2.2371364653,3.3161156678,11.988011988,-0.099868164034,8.9135802469,10.730593607,-2.7961387281,-2.1822849809
"120",17.244897959,-3.2666480939,4.7830995223,1.2037619195,4.9833887042,9.4886195684,25.310344828,25.524337159,11.660987479,8.1916540606,5.8413719185,7.8455790786,-5.1179339404,-4.918288059,8.7974683545,-0.36745406805
"121",5.8311575283,-5.3872053873,-5.695030857,-5.2328263643,-0.79113924057,4.0496760259,10.181618051,9.394703657,5.047318612,-13.040494166,-4.9513330514,-4.0415704389,-8.2352941177,-6.8683565006,-8.8132635254,-1.8096406043
"122",6.5789473685,7.617634937,-0.41107954512,-0.4543679458,-5.2312599681,-4.5147898287,-18.397944388,-16.882877968,-1.801801802,4.3804262035,2.9385574355,6.8993180907,1.2558869703,1.2876792509,-3.1897926635,-5.1490514905
"123",-1.595957163,0.95907486921,2.5177472213,5.3455803525,-0.63951531465,-1.0597826088,11.965811965,11.049146043,7.2375127422,9.2627599244,7.1674872304,-1.9850630116,2.5839793281,2.2536839064,5.6953642385,-6.9428571428
"124",-2.6813880126,0.46901172518,-1.2489258773,-2.9757716979,7.793551891,-1.9115317535,-5.7251908396,-5.2102950407,-2.3254290762,-1.5570934256,-1.5599343185,-2.368093062,-6.3040338147,-6.6198933292,4.573934837,-1.7440320727
"125",6.3825378526,-12.097781064,-4.7865961783,-4.3886409971,-5.6624319421,-5.0847457629,-6.7099062076,-8.0798662951,-4.4117647059,-11.704407462,-6.8820540945,-12.765957446,-7.1767745109,-9.0969017797,4.8532055123,1.5782404298
"126",19.230769231,-5.1193225559,-4.7098412721,-6.9557106304,0.65409772997,10.714285714,5.3421633555,7.5514874143,-4.3594092451,-5.6400000001,-3.8254310345,2.5365853659,-9.0375586856,-9.2567567569,7.1428571428,8.3636363637
"127",2.4516129031,23.894523326,21.974428269,26.263153607,0.53516819571,2.4193548386,-4.4425817268,-3.3687943263,23.814655172,7.6727426876,22.128851541,4.662226451,3.3548387097,3.6857781088,-6.2133333335,7.3825503354
"128",7.6272439854,-6.117170203,-4.2922364352,-5.5080447908,6.4638783271,1.7415948168,-6.2719298246,-6.9357798166,-6.0052219322,-7.5087355859,-5.4271653842,-0.63636363639,-7.0665829146,-5.7504520796,-5.0042649986,4.6590909091
"129",11.764705882,13.697095469,9.2549750636,11.410524167,-1.9642857143,-3.1209362809,0.88909686474,0.15772870665,9.6243232434,-2.8253424656,5.1603451082,6.7439865203,2.7374112877,4.7198772065,13.439090093,2.605863192
"130",10.526315789,3.0189853718,1.719560898,3.3751801246,9.0710382514,7.3288590604,8.53432282,8.2283464568,2.5402201523,-3.0837004405,4.4117647059,-0.83333333323,-6.0855263159,-5.2766581166,0.65963060697,5.9562058495
"131",-5.7425870785,-0.21624073124,-3.3120162824,-4.1838370185,-4.8096192385,6.3031515758,-3.8888888889,-4.3288468534,2.3121387283,-10.862865947,-3.928836175,2.614379085,-3.6696548654,-4.3688628381,-0.41939711673,-5.1670951158
"132",9.543147208,-3.7517784188,-0.98747379179,-0.71679100474,-1.8360056894,-2.3529411766,-1.1116051578,1.7110266161,-3.1679617452,16.256410257,1.9619959832,15.696087352,12.408780364,11.848122267,17.391737739,6.5329357549
"133",-0.83410565339,-5.2832590707,-5.0101254631,-5.6246208237,2.5833021342,2.4096385543,0.74839914942,0.87888151083,14.576271186,-5.8226731364,-10.086481704,2.8313016122,-1.6366612112,-0.73286918287,-4.2028645223,0.65349206106
"134",-0.56074766362,1.0390583328,4.4907970218,4.2411332714,0.91240875918,-1.6470588235,4.9107142857,12.28200371,3.6242603548,2.9976580794,2.9686174725,4.3977055449,8.4858569051,5.50018457,-0.073529411748,3.9050535988
"135",6.5488919765,0.20209679351,9.8212747706,4.2668821579,12.802893309,6.3397129188,4.9787234044,1.1896893589,-3.2055513516,-7.9323740068,6.9616264123,3.2967032968,0.53744515444,0.29960800111,15.280843757,-1.0293479724
"136",2.4999999998,-1.8950930626,-4.9052705923,-5.7761922039,3.2382173775,-1.5398175684,-7.1747061209,-6.5643370346,-8.4444444445,-6.3893016345,-5.0781250001,0.056490671159,-11.050440539,-9.7665917171,-3.0425531914,3.0872483221
"137",7.7209463498,-2.6819398554,-0.8931037567,-1.1955049132,-2.7914614122,-4.6511627907,-2.1834061135,-1.0835372248,1.213592233,-8.0798554027,-2.6375959123,2.4528301887,-6.4428274134,-5.1080001838,5.9688391484,10.677083333
"138",-1.6260162602,0.78117860139,2.6856413433,2.8160427351,6.9932432434,1.2195121952,-2.7652812755,-0.76528469381,-4.1014745209,-5.8347775853,1.6446252966,8.1399631676,-2.1617592247,-1.5359070154,-3.7481880307,-2.2352941177
"139",-11.239669421,-6.1071428571,-6.675401025,-6.897490139,-6.378275971,-9.8795180723,-10.292005744,-10.727824109,-5.7983193276,-13.987730061,-13.094245204,-5.3133514987,-0.76190476193,-0.92748735242,-0.38726333896,3.4897713598
"140",0.71831153691,2.4957735648,-5.2740305159,-4.5296542958,-0.50590219225,-4.139950252,-13.020277481,-10.233545647,-9.9018733274,-2.3373203117,-7.2439090352,-1.4388489208,-11.206492662,-10.718698765,-0.64794816417,3.8372093024
"141",-2.8837209303,-5.9940690984,-2.9461110861,-1.5109425471,-5.9999999999,-3.1428571428,-0.61349693233,1.6083254493,17.25831474,-1.8382352941,-0.37633284574,-9.708029197,-8.9324618738,-8.173076923,-4.9999999999,-1.7021276596
"142",9.1954022988,4.267310789,9.0510886032,12.119832157,3.4980165885,1.3274336281,6.111111111,10.195530726,0.85106382976,15.730337078,12.801678908,8.1244947453,10.430622009,11.623036649,7.780320366,6.282936812
"143",-3.2703183093,-6.0868091423,-0.54201138655,-4.5236047613,8.0836236934,6.229985444,-3.6067481094,-0.54921841993,-4.5569620253,-11.860442177,-1.8604651163,2.4672897196,5.3898380851,4.3746033825,6.1358811041,-1.5486725664
"144",13.035551504,-0.89216645429,4.2123007566,5.991484773,11.743702964,6.6045491916,7.6644538321,14.061172472,3.9787798409,7.4074074075,8.3926411147,8.7590456105,-4.6434494196,-2.5396825396,4.0808161632,7.393258427
"145",13.306451613,14.725738396,2.629148642,2.1670348033,6.3119927863,4.2416452441,0.61659192816,-4.6554934823,2.5510204081,14.827586206,1.4184397163,-4.7222222222,18.016949152,15.394321384,12.127618681,-7.7737319106
"146",11.459074733,2.2638432498,2.9460084903,-0.45248275683,11.309018942,6.6091245377,4.0668523676,2.0312500001,6.1359867332,8.3034758898,4.8951048951,-0.87463556847,-4.4964697138,-1.0582010584,15.708243904,7.1100917432
"147",1.2472252256,-5.126833398,2.5694960807,2.2632857321,10.769621539,-1.1103400416,-8.244111349,-9.226646248,14.374999999,-2.729805014,-4.9694635209,-4.5955882354,-4.9858714848,-3.4658488008,7.4171164226,9.164882227
"148",7.9797340089,-9.1329479769,-5.1420793634,-3.898208363,12.708926297,14.773913189,-4.900816803,-3.3741037536,12.295081967,2.6345933564,-11.373938143,-0.81681483989,-7.8600823044,-8.8222698073,7.4361182888,-1.1675284731
"149",-17.395760419,-14.941200759,-3.6454041829,-3.3063816223,-6.8819481207,-15.054876786,-11.341407956,-11.146530762,-12.712895377,-11.174673608,-2.7593818984,-4.4354838709,-10.691662789,-9.2159197853,-5.1175841795,-9.9405615905
"150",5.0980392156,-0.91495703591,1.0740420428,1.9175320835,6.6799317794,7.7523159434,7.3850791257,4.3850267379,-6.2509195858,11.60151324,-3.3541785105,4.6413502108,-4.5454545454,-4.6001045478,8.4354316292,3.7778789258
"151",-9.104477612,11.623143881,4.918974577,5.6172730765,4.3964828137,-4.7963800904,-0.70175438595,2.7151639344,-1.6467065869,5.1977401128,13.058823529,1.1290322582,6.0846560846,6.8493150684,13.61038961,-2.4342105262
"152",8.1196997322,6.8981059632,3.4697408026,4.4985087954,-11.562021439,-13.521863118,-7.9858657244,-7.481296758,6.5449010654,-3.1598703681,-2.7055150884,-1.8341307815,6.2344139651,6.4102564103,-1.9204389573,-11.440773207
"153",8.695652174,8.2137229205,-1.4448060269,-1.2421709274,-29.062049062,-9.0409453147,-7.0660522272,-1.7250673854,-2.2805175522,7.4094707521,-3.2672737012,-3.1245952978,9.3896713615,7.8072289156,-3.2750582751,2.0050761421
"154",7.9298245613,-12.620967741,0.21969238842,-1.6887254513,-1.1391375101,-9.3655589123,-7.8512396696,-11.409764125,4.335047759,-7.9356846473,-1.4396456258,-7.0608251807,-7.7253218884,-7.018328118,3.602843716,-3.956208012
"155",-8.2837215821,1.6245009338,21.481527041,10.975483553,5.6378600824,-5,-31.390134529,-40.247678019,-7.676056338,0.21622125259,8.2022471912,8.4668192219,-11.162790697,-10.288461538,0.60479181211,6.7442729085
"156",7.4733096086,18.357708336,6.1764090933,0.69295812482,2.6772882486,11.228070175,-17.254901961,8.6010362695,10.635570619,1.1851015801,2.8908747163,-1.9059237166,2.3560209424,4.6087888531,0.42774566464,8.312655087
"157",-4.6357615895,-4.6875000001,4.3281621571,4.1258038003,-4.4247787611,4.5492742553,12.480252764,20.610687023,13.84083045,-2.5655326269,4.0247678018,-8.2437275985,-6.7519181584,-7.3770491804,3.2577414526,3.6324453245
"158",-6.5972222222,7.9508196721,-0.23616509707,-3.2451174486,8.4722222222,-11.042944785,-2.3876404495,-0.79113924057,1.641337386,-5.8385804235,2.6785714286,-5.7617187502,-20.515633571,-8.1305309734,6.9899665552,4.8063781322
"159",2.1226066669,6.2743461369,9.9955157361,6.3866277802,0.81092616292,6.6551724138,0.57553956831,1.2759170655,7.9015721121,-5.2901441743,3.3338680263,3.6269430053,16.287094548,10.475617098,0.4480566844,3.238426429
"160",7.3308823528,-8.4517304189,-1.5373579577,-3.573049326,8.3403895005,16.665673346,-22.317596566,-17.716535433,-2.7222222222,0.44987146539,-5.402843602,3.3549222799,15.491966039,13.828931894,-10.212109935,1.0055906085
"161",13.784696826,1.4525409098,3.1159181885,4.4124385329,1.1244345231,-7.6728499159,12.71595488,14.032769169,11.857805017,-16.383933612,4.6249136192,-14.00990099,-1.0948905109,-0.19910403189,-4.5115452931,-1.4989293363
"162",-4.1860465116,-11.808991998,-13.703978732,-15.442979655,-8.0369515011,-15.738203957,-17.844522968,-12.787212787,5.1745250994,-3.3716475096,-11.855396065,-10.477835348,-21.929362151,-19.301745636,-14.025297619,-2.1739130435
"163",-2.8432732317,2.4401265251,1.0421262452,-3.7502656463,4.7714716222,1.0115606938,-1.5053763441,-4.6964490261,-5.4119941493,15.701823949,0.96501809421,13.826366559,3.848750844,0.67985166879,1.2548680226,-2.5333333333
"164",-10.918721986,5.2828489455,2.3266183987,0.10888763208,-10.83413231,2.1101573677,8.0786026199,10.216346153,0.92783505152,18.078148115,0.74334565579,1.6949152541,3.8361508452,3.1307550644,-16.282051282,-6.520747834
"165",14.802896218,13.599502452,9.2106051992,9.7167088206,3.4408602151,10.157618213,26.262626263,14.176663031,-8.7869652954,-3.2069970845,7.8490113841,5.1666666666,6.1991233562,9.2857142858,10.464522715,5.1296245172
"166",8.6194814296,15.087040618,4.1731448133,6.3254338706,3.5862785862,-0.66772655018,13.6,13.753581662,-8.2491582492,6.4457831326,7.2222222221,4.2789223455,15.212264151,11.274509804,9.7042513862,3.3087876429
"167",-2.480989719,-13.320401566,-4.3768037523,-3.9036620035,-1.5052684395,4.5105744315,-16.61971831,-12.594458438,10.948012232,2.5373863293,-3.6269430051,8.9665653497,-6.2436028659,-6.4121390113,2.611625948,-6.937288093
"168",-1.7264276227,-3.8900106641,-5.8852935707,-4.9360559234,-3.8690597714,-2.7707006369,-0.84459459449,-4.6109510088,4.6430338341,1.8888888888,-3.2217024064,5.4447823155,-12.718340611,-10.669456067,8.6206896551,-0.19960079835
"169",-14.864864864,-14.385245901,-10.118855296,-10.007843682,-0.57102069959,-8.843760236,-11.073253833,-5.3373615307,-2.6469031233,-6.4885496184,-5.393258427,-13.788426763,-13.883677298,-13.934426229,-15.873015873,0.24050444008
"170",1.8253968252,-0.27828213388,2.3338415067,5.3339127475,-3.5893754486,-9.2705713258,-4.2145593869,-3.2978723405,13.920609026,-15.801749271,3.3600866705,-13.476664918,-5.6644880175,-7.5510204081,-3.4141958671,-4.2067916878
"171",-0.68817395204,11.948474864,15.376218768,14.294875277,13.551749813,18.05940594,32,19.691969197,-3.1435667581,1.0445240187,9.1445427728,13.636363636,15.165511932,16.114790287,-1.8604651162,12.280647989
"172",-3.9682539684,2.6754385966,1.961011926,6.4822183833,11.409836065,10.239285472,17.878787879,15.900735294,-4.4042836709,-7.9201101929,5.9459459459,4.5117966649,8.1720710819,11.693083704,3.9074630435,-2.8102676426
"173",8.2135277869,-2.4020765346,-6.6361905279,-5.9076853036,-3.2174737481,0.87636932694,-10.554209051,-11.373949227,5.7572614109,0.21436634233,-4.1428571429,11.292134831,0.70377479205,0.72420036213,3.125,-4.2764793634
"174",-2.9535864979,10.478313488,1.4815296267,3.3780303458,12.203360032,5.119453925,-3.0349013658,8.47107438,-0.73565473285,-2.9257314328,1.9354838711,8.8339222615,3.1766200762,3.594967046,8.1267217629,2.4415584416
"175",-7.6521739131,11.549295774,9.8032083646,8.0573093204,14.436183395,3.8961038961,-2.1909233176,3.7142857145,6.7360079247,3.168469861,9.2059838895,-1.2059369203,10.775862068,10.468478889,-14.692144373,-0.60851926974
"176",3.6333871103,26.558913345,13.174780087,18.070507333,3.735787764,12.670454545,30.4,13.406795224,1.2064965196,-2.4787404802,15.860976256,15.492957746,23.068371318,22.2513089,6.4708810354,7.5449897291
"177",-5.8447488585,-26.926844476,-12.502564985,-14.64810142,-21.764091858,-15.935451336,-19.509202454,-18.218623482,10.96725278,-9.1049382717,-14.836931557,-15.934959349,-22.086720867,-22.526766595,-7.5268817206,1.5370230722
"178",-15.712900096,9.6047430832,4.2865295822,7.1843070602,-5.0700466978,3.8092381523,-5.1829268291,-7.1287128713,-0.66252587994,-5.857385399,6.6882416397,-1.5957446808,-15.072463768,-15.533443891,-1.9716885742,2.017809224
"179",-6.5268002542,7.1672304141,4.6606173642,6.0617056179,5.5208902857,6.6405989377,-3.2154340837,-17.697228145,-1.4589412254,-1.2492006767,5.9656218402,1.1793611793,-17.064846416,-16.230366492,-0.92831356369,1.1844698982
"180",-10.383189122,-18.723964512,-8.4830760143,-9.6926892988,-5.3626455652,1.699716714,-3.6544850498,5.9585492227,3.9246651848,-12.110091743,-9.9380082146,-17.338513842,-21.069958848,-21.71875,-11.452368558,-6.7623429508
"181",17.655172414,-13.083718973,-2.335523387,-3.7354019045,-9.3607305936,-13.091922005,-11.551724137,-24.938875306,-2.8641571196,-4.9060542798,-2.6624068159,-16.803760282,-16.162669447,-18.363273453,-21.810699589,3.8159458936
"182",8.5580304805,15.242858947,11.979708064,12.029213563,8.9840470193,10.576923076,4.2884990253,12.866449511,4.8862679023,11.635565312,13.716874788,-1.4124293785,17.910447761,16.992665037,27.368421053,12.150589663
"183",10.239588855,-1.8708519968,-3.1209699318,-5.2556341601,-1.2326656394,-2.4637681158,7.663551402,-1.875901876,-1.2473015305,0.5576863121,-0.9429280396,3.1518624643,1.0548523207,1.671891327,4.5454545454,-6.3678160921
"184",1.2257405517,16.193801833,-0.24346378259,8.4595483746,13.494539781,3.4871649235,26.736111111,30.147058824,-4.1836221794,-1.0826771654,6.3126252504,30.6975053,48.747390397,34.121274409,2.5211470689,3.1586427873
"185",0.50475745247,-12.981627448,-12.732508704,-12.230793773,0.57355810004,-3.3618401651,-11.643835616,6.5355507033,1.5319148935,-13.18010586,-8.5579641846,-4.761904762,-7.0175438597,-5.5172413793,4.2134831459,-7.8285750964
"186",-16.565656566,8.1309619012,7.5335946793,1.7742342437,-16.361071932,6.6524259993,-8.8372093022,-9.1201716739,-0.67267742961,-13.610149942,1.1925042589,-0.41176470595,5.8867924528,3.0819140309,-11.051212937,-3.1413612567
"187",-5.5690072639,-9.1845140033,-1.0822958809,-4.2166386247,-20.404721754,0.94420600872,-1.5306122449,0.82644628092,1.0143702451,-21.228304406,-5.7239057241,-16.7749557,-17.462580185,-17.387883556,5.8787878788,4.5135135135
"188",-2.435897436,-18.519143573,-8.9448449062,-15.445160906,-20.338983051,-12.131519274,-13.989637305,-12.060889929,-3.685082547,-10.074332088,-12.351258706,-17.033356991,-8.2901554404,-12.476190476,-9.9599313109,-10.499486902
"189",-10.902329344,-13.344498394,-6.0917353573,-6.9927628548,-7.0478723404,5.2903225807,5.4216867469,16.511318242,10.966057441,4.1904761905,-1.7205781141,-1.1976047905,-19.585687382,-21.218715996,0.69930069931,-10.091774273
"190",25.971298748,5.0657894737,-0.69071794751,-1.875021867,2.4320457798,-0.42892156862,-4.3809523811,7.7714285713,10.901960784,-0.73126142597,0.84033613439,11.082251082,9.8360655738,6.4917127072,5.6818181818,9.5126347092
"191",-5.644220146,2.9506858587,2.5457291813,0.65781313842,-7.8212290503,-11.692307692,15.338645418,10.074231177,7.496463932,13.152907892,0.69444444453,-15.822291504,0.31982942419,-0.51880674455,13.022700119,-4.2762015431
"192",-5.3218174488,-8.0855971431,-11.195863862,-4.299679688,-7.1212121212,-15.331010453,-0.518134715,0.57803468189,-0.55179827623,-23.770491803,-3.4017121586,-8.3333333335,-8.9266737513,-12.646675358,0.052854122441,5.7906615439
"193",2.3876404493,-6.0379918589,-4.357350179,-5.7668876765,-1.0224827037,-9.2592592593,1.0416666668,-3.7356321838,-4.7366677708,-22.580645161,0,-17.97979798,-19.136522754,-27.76119403,12.625462229,-8.3430502835
"194",21.9478738,-2.2382671481,18.888513809,17.695695994,-0.67681895098,4.8979591838,-2.4054982819,-2.7860696518,5.006954103,-1.9444444445,1.9054806473,-0.24630541857,6.0606060606,6.1983471074,6.0506566602,9.5161290323
"195",-12.299911253,47.543975224,29.358708646,26.960786103,37.819420784,23.865110246,16.725352113,7.4718526101,-20.889204521,84.702549575,20.058780308,22.469135802,44.62585034,62.451361868,6.0592658117,13.09460041
"196",19.35483871,11.836115326,2.7804524125,5.3180648421,-15.327564895,3.170416564,17.496229261,22,-13.752620545,19.785276074,5.9975520197,4.3278374764,24.83537159,22.51497006,11.127897366,-0.9379236305
"197",8.4498215389,-24.918400939,-12.690358406,-11.903274295,-13.452660327,-16.354645002,2.6957637998,-2.4199843871,-8.6047642199,-28.681177977,-9.3071593535,-12.621359223,-23.285606632,-21.407624633,-3.0681818182,-3.0319676998
"198",4.7047047048,5.1789895428,11.006539759,11.379515032,29.307282416,23.39527027,60.5,40.88,-6.706416335,5.7450628365,6.5263157896,25.222222222,13.064833005,17.164179105,13.638139898,5.7342657343
"199",9.9426386232,22.526193248,8.213607805,12.712548406,24.862637362,10.027378507,37.30529595,26.519023282,-15.257142857,31.578947369,10.144927536,29.103815439,21.720243267,26.008492569,5.9147180193,5.5406543042
"200",-8.9445555768,10.954821398,-0.31829549553,2.5367727567,-3.7403740373,2.5194401245,27.793533749,27.917414722,-3.3715441672,17.525900147,3.8134875949,4.3986254295,5.210563883,8.2561078349,-4.5779220778,0.47738693465
"201",-7.1153846153,-1.2213592899,-2.5196741072,2.1664876278,-1.942857143,2.0327669901,-14.513981358,-16.245614035,-2.0992418371,-2.422907489,-2.8538147933,4.5424621461,2.7137042061,5.6031128404,2.7220142905,-2.6506626657
"202",9.8343685298,28.464912281,14.292877579,15.217908406,13.636363636,8.6827237587,23.052959502,14.578969417,22.412562455,24.379232506,13.189448441,10.516372795,23.117569353,30.361090641,11.626366346,-2.2531424272
"203",-1.9667300311,-2.3183328264,-8.1114084824,-10.982653038,-18.974358974,-20.793433652,8.2278481012,3.5831809872,-3.3819241982,23.140148627,-8.7923728813,-14.643874643,-0.91201716741,-9.5534200113,-11.097922848,-2.5198938993
"204",-2.3414634146,-1.1432486313,1.0234547817,-1.4298653697,1.7473180438,-5.4922279794,-11.072124756,-8.6127779738,-3.43995172,-20.295202952,-0.23149149756,15.887850467,-8.2837033026,-7.0625,-3.9052069425,-0.95238095228
"205",3.7962037963,10.751156995,10.361182184,12.832960407,18.547341115,17.507309942,-8.6804033319,-4.5577443029,12.5,12.962962963,12.077294686,13.306451612,-4.4273907911,1.0087424345,8.8919763806,5.8936629786
"206",13.763233878,6.3966570233,1.5792857073,2.2616682149,16.958424508,4.8211508554,3.1685069611,-0.44516390117,-0.38888888894,6.1475409835,10.691575612,13.472292831,-1.4206300184,1.0652463379,4.8803827751,-1.937680021
"207",4.8000084658,2.319354166,-1.7243631176,-3.0563689735,-3.4611786717,-2.8486646884,-20.428106096,-10.284552845,-2.8060106494,-15.907335907,-5.2369077305,-11.46953405,-5.07518797,-4.5454545454,-0.88199513375,-4.9532347344
"208",8.1300813008,-2.7243115193,1.6141787008,3.2411781738,-13.953488372,-10.904092852,5.6140350878,3.7607612143,-11.093702576,-10.009182736,4.1052631579,10.576923077,-5.2145214521,-3.5886818495,-6.7634812714,7.8466158566
"209",-9.9434341303,-13.133445743,-8.5352290519,-9.3372417139,-11.61908189,2.2897477391,-23.864894795,-18.60112568,4.2317708334,-2.6530612246,-9.5045500506,-2.5629290617,-5.1532033427,-7.2297780959,-0.92244619063,2.02647933
"210",15.210084033,-5.1598462013,2.0987433012,2.3602074811,5.7591623035,-11.921005386,-9.4545454544,-4.9246813442,-5.2550223204,7.7568134173,0.95131505313,5.2606857678,-3.0837004405,-4.5524691359,9.1724137932,-3.8135593221
"211",8.6068563091,7.0895522389,9.9946418433,8.0473890566,5.4455445546,5.6257643702,8.4337349397,1.5843997562,4.2300066094,3.6964980545,2.5498891353,0.62472110676,4.5454545454,7.4373484236,5.9696778268,4.226291634
"212",-6.769923627,7.6804649956,7.0261042176,11.29798904,-1.6431924882,10.922423774,30.518518519,23.155368926,13.696892834,11.364792251,11.156380671,-8.6474501108,1.231884058,2.7088036117,-4.1728763039,8.8624338627
"213",13.768115942,13.937730463,3.6202372028,4.4354132446,-4.7732696898,-1.7745302714,12.145289444,10.521188504,-0.0075889074651,-6.8354430381,8.296514482,-4.7087378642,13.171080887,12.087912088,3.5147744946,4.787363305
"214",10.191082802,-1.3180515761,-1.8062038681,-1.0025710416,-0.072283310692,-11.477151966,11.589068825,11.679153812,-12.409167132,-0.81521739121,-4.9864007253,-6.8772287314,10.18342821,9.6078431372,-10.456730769,0.86002348617
"215",-3.5531691998,-12.506041839,-7.2713948175,-5.8003208265,-14.618369987,-7.6830732292,-15.056689342,-15.706393054,-0.12763241866,1.4763209392,-0.95419847321,-11.92560175,-8.4385763491,-8.2886106141,9.7315436242,-10.110803324
"216",5.1204819278,6.6015418948,8.1722165101,6.3257688185,4.0909090909,8.1491114001,3.2568072611,6.2734082398,28.375829752,11.732851985,6.015407341,3.6645962735,6.0188087775,4.6814044214,4.98470948,7.8948912405
"217",-8.424068768,24.701445632,22.741822991,20.450102692,9.1703056769,2.4188995672,5.1189245089,4.3612334801,0.099999999838,16.316639742,22.458410351,-0.53924505692,25.96096984,22.360248447,5.9714535391,5.7038834952
"218",8.6511434125,5.3427419354,-6.314165538,-4.8133663838,9.4666666666,3.4271725826,21.839645843,17.771211482,8.6913086914,15.416666666,4.8904844905,-8.0120481928,8.6854460093,8.9340101524,3.490929082,-3.2835820896
"219",1.4997332721,-1.0810926021,4.5014670381,1.9325054536,4.263093788,2.8796844181,-15.220024222,-13.620071684,-0.86984763884,-6.5650903274,5.2270125907,-11.263916175,0.90712742985,-0.2329916123,-7.0385126162,4.938271605
"220",-9.7687861271,-10.553253716,-8.7399022323,-3.677745279,-1.168224299,2.7223926381,-9.1904761904,-5.3941908714,3.0509553111,7.4193548386,-1.305293691,30.520574188,5.4366438357,7.2863148062,3.4409954369,2.5338654646
"221",-15.067526299,-16.689362991,-18.199562105,-15.572915226,-3.6397197277,-12.280701754,-23.282642895,-26.535087719,1.5808491416,-10.695013328,-17.487141808,-29.589509692,-9.7517651059,-17.205224205,-25.625711035,-5.9183673468
"222",-8.1942336873,-5.3831793157,-6.4588636413,-7.7233689984,-4.8239895697,-6.3431982133,-16.678058783,-19.104477612,7.9601688269,-6.0135135135,-9.9478307398,-8.9068825912,-12.483100495,-9.430979979,-10.936902485,1.687153531
"223",5.3719008265,13.438045375,15.253384074,14.382273533,12.739726027,-6.4781021898,41.673502871,42.287822878,-20.651277824,19.913731129,13.507625272,16.266666667,12.976313079,14.71785922,7.3422069558,-10.455276364
"224",-4.4219049006,-6.5236492394,-9.8805066505,-6.9851911791,-9.3560145808,-0.53658536581,-8.3960625361,-6.1203319502,1.8181818183,-2.9853915727,-5.9927152717,6.1162079512,0.86324509175,-2.0883666986,-2.4,-2.6077700906
"225",1.2396694216,-1.8556837525,2.6201060124,1.0900356388,-4.0214477212,5.0024521823,-1.9595448801,2.8729281767,1.2266905709,7.1695760598,5.4830287207,-7.9971181556,9.7373188408,9.5015576324,-3.3196721311,3.4507634264
"226",24,45.161290323,17.555125393,19.717378975,54.05027933,22.512844465,51.515151515,42.857142857,5.5471507816,-5.410122164,11.287128712,30.540328896,25.134131242,30.962541489,18.4824078,7.438016529
"227",7.3074391046,5.3962752198,11.101513324,12.186987182,15.23118767,23.903926801,3.9574468085,6.4661654136,4.1567128525,-3.9838821517,9.7864768682,-5.9388122378,-6.8828633385,-7.4527311941,1.0017889088,10.923076923
"228",4.4171779142,4.4730013307,2.8793080677,2.5298417724,10.234488943,-2.5322158524,-0.81866557503,-0.52966101694,-0.50411689763,-4.2635658913,-1.8809832532,5.2295918369,-9.5178401033,-7.9283627299,11.583421891,-2.8190920213
"229",17.8613396,11.550871154,18.99386843,17.157238496,-0.072150072174,15.58101473,54.354106479,44.479943202,-10.793357933,5.600539811,11.754966887,20.848484848,16.338582677,12.786596119,37.682539683,0.75078711543
"230",-4.3868394816,-1.3340472105,-4.2555513267,-4.3562183269,3.9711191335,1.2177853299,-1.1229946525,-4.2506142507,-1.3443640125,-3.2587859425,-2.8972406531,-0.45135406217,1.0490693739,5.7857701329,-9.2690800093,3.6778846155
"231",0.23461939527,-3.4351890725,-1.7195291128,-0.71837931791,-3.4722222223,1.8466703974,-0.78420767977,-2.8483448806,-3.3018867924,0.66979236435,-2.9959514168,3.5264483626,4.3201607501,3.6954915004,6.7344345616,2.945055208
"232",1.7555266581,1.9704433498,-1.6636252355,-0.51590062403,6.0431654678,14.250182018,-8.5878050858,-4.7068010618,6.4498644986,-6.5389696169,-0.58430717863,4.0644662684,-3.820224719,-3.318074477,14.699306711,-2.1045186028
"233",17.31629393,5.2548897958,5.3809933639,4.0464629743,3.3556236745,16.504854369,5.2293577981,2.9437229436,-3.5132382892,-1.4768611983,4.0302267002,-10.618216139,-5.4460535069,-5.3972077605,-5.9361702127,3.3263453783
"234",11.165577342,4.3683378792,2.5041869683,2.05250615,0.60975609777,1.2499999999,2.4411508282,0.92514718253,2.4274406333,9.5890410959,4.2037186742,2.32312566,6.340772228,7.2798434443,6.9215109705,-1.1927034612
"235",1.6658500736,-8.7504634779,-6.465144519,-8.0766648137,-4.7811447812,1.1316872429,11.744680851,9.9999999999,-0.51519835142,-9.5394736843,-3.2583397983,-0.15479876174,-4.0972684876,-4.8522437067,12.968055849,7.8815640642
"236",19.421686747,-5.1622633361,-2.5491569559,-4.4397349748,4.3847241866,6.0020345878,16.628585936,18.560606061,-7.0429829103,-5.8804123711,1.2499423554,4.6511627908,-1.0959200094,-1.4555485916,-3.1835205993,2.1555555555
"237",4.5197740114,-1.1420912841,3.1954115359,3.0037892289,-2.9132791327,-4.7792706334,-12.603395733,-10.500532481,-0.2228412257,2.2533022533,7.4164629177,-5.1851851851,6.6501591793,8.0392156862,-4.0618955513,-2.7191646726
"238",5.1737451739,5.8474389976,8.3220374723,6.9321386642,-4.7452896022,12.215279177,-1.4694894148,-2.4512137078,-2.1217197097,2.0516717324,4.0212443097,3.645833333,8.4577114429,10.308529945,10.120967741,-0.49194991052
"239",16.666666667,0.081583436258,-4.820090442,-5.06633933,-4.3956043955,13.61595114,-11.923075539,-12.344474262,2.6811180833,26.914515433,-3.209336251,2.8643216081,-4.0078430063,-3.4461096653,5.0897107287,4.0449438202
"240",4.4682190057,10.887243652,10.708354583,10.124959325,7.8295472362,13.228775973,8.5271317828,6.4291678264,9.6111111112,17.647058823,6.3861665893,16.072300928,2.5641025641,4.9596217752,5.5052264808,5.9179265658
"241",7.9518072289,-8.1029912912,-7.9387539837,-9.0222666397,8.4118926759,6.2979585929,3.7566137566,6.8776150629,-8.0587937151,0.25000000005,-8.7295954578,-3.6195286195,-5.15625,-5.7322730285,0.72655217955,8.4483670315
"242",-11.861881224,-2.5934940684,-12.736427521,-6.9374634038,-6.6220735785,-2.3290656498,-11.958184599,-12.282848054,-6.5049614113,-15.561097256,-3.3762091812,-5.2838427948,-10.543657331,-10.931458699,-3.6885245901,-7.1987779263
"243",-26.569435637,-40.182422052,-31.030563502,-31.926807755,-36.1747851,-25.393947845,-30.900666088,-27.391910739,-43.75,-40.532544379,-26.855713094,-55.50945136,-47.918968692,-44.790844515,-33.429787234,4.4374517756
"244",18.264248705,2.1871638579,2.788618,1.5173102922,6.8462401796,1.6822429907,1.6345347864,6.9535151748,-9.3291404613,16.815920398,2.6225769669,17.720207254,31.89533239,29.020729092,5.9455005761,-8.1491785248
"245",-9.3464768165,8.2105263158,1.4703747051,-0.94167534144,13.445378151,16.360294118,18.06185567,10.272988505,-17.341040462,14.395229983,-1.5555555556,22.535211268,11.742627345,12.686980609,35.528942116,3.5330207249
"246",17.921868707,4.2477302206,6.6169695654,9.3396112356,2.037037037,-3.9178515008,19.700859862,5.0162866448,13.146853146,19.210722264,8.4841628959,19.109195402,7.1976967372,5.948869223,6.2223858617,3.3746262281
"247",7.4453551913,4.4479004666,9.433353116,8.5030950932,8.8929219601,9.1417296942,24.229782881,24.745777384,-5.933250927,8.9943785135,11.261730969,13.992762364,2.640759305,3.0182837878,5.459272097,9.7282019387
"248",18.40432295,-1.4475320774,-8.1239273464,-7.4966930451,-6.6989364704,-6.9297981319,-3.8711423931,-6.6579973992,-3.5479632063,9.3982808023,-11.437437767,-19.947089947,-1.6740088106,-1.3963963965,-21.528348398,-7.7245053273
"249",2.5503355704,-8.98768931,-5.2240827441,-6.3287311795,-3.3588298904,0.37228876645,-14.615601239,-13.095569796,-14.986376021,8.9575694079,-6.4824654622,-4.1639127561,-11.424731182,-10.415714938,-1.9895287958,-8.3094175829
"250",6.0732984295,0.60769750162,0.92886302391,3.9651527079,1.4851485148,-0.40316078057,2.4406332454,-0.64123116381,-3.3653846153,4.8557692309,3.2954545453,33.034482759,-3.8947900859,-3.4166241713,-9.188034188,-3.2645658581
"251",-0.91312931881,14.280765561,19.262876568,20.645509274,23.219512195,10.540803108,0,3.2591158439,34.328358209,4.1775584707,16.391639164,20.269569725,34.47368421,31.467793031,4.7999999999,5.4411702658
"252",4.607721046,14.938825793,13.573878975,13.453139659,15.281076801,14.422183715,18.06181584,15.625,9.2592592593,8.9451963198,12.070148111,4.7413793103,12.915851272,13.815261044,-0.22451728773,5.9060780999
"253",-7.5238095238,-12.731958762,-10.513104202,-8.7775450513,-4.0244343708,-12.890312249,-21.761658031,-22.324324324,-0.67796610183,-4.9079754602,-9.3749132507,-15.390946502,-5.2686308492,-5.8221594918,-8.0333033303,-2.7956989247
"254",-10.066941297,-15.887913594,-4.6925210912,-6.8825329697,-12.700729927,-10.263480392,18.319395559,19.772831049,39.135381115,11.268817204,-6.2205466541,-10.457198443,-18.953530918,-16.672911203,-9.9584046979,-2.6548672567
"255",5.4680790152,9.0851100023,14.280603447,16.490692326,8.9464882944,21.713895527,5.7389694541,6.225205981,14.554374488,17.359923479,4.2814968025,9.3970668117,8.0812641085,8.3633093525,11.956521739,0.72622998523
"256",7.8447339847,-2.6600985222,-3.2144147935,-1.926348799,6.2164236377,-3.2393580897,10.249043781,9.3482825587,9.9214846538,9.9272005295,-2.3122429194,-10.829862228,-0.23278385361,1.3033063216,4.8093354417,0.13351773468
"257",19.028441983,14.422760775,10.684829959,11.113098531,14.461227738,1.9169329073,19.162815983,17.847485127,12.207792207,0.25561917828,8.135499283,-6.6780821917,15.367965368,13.759525825,-8.5320243105,2.7097575714
"258",6.1323747092,-3.6020184099,-4.3035143138,-2.7641936823,-10.677466863,-7.0532915361,-1.5282846716,-0.71133547499,9.2013888889,-10.054678007,2.8597785977,-6.6666666668,13.658536585,9.5273539264,-6.5167390749,-4.9773755655
"259",2.5303845388,-1.5561780267,-3.3041925292,-3.6848925475,-1.5663643858,3.2040472177,-6.7639564512,-6.2861104692,-1.483836778,4.0189125295,0.17937219745,-4.9803407601,-9.2109607131,-8.5626911315,-3.0617823947,-0.99961262868
"260",16.537116207,-2.6644342338,-3.3581867997,-4.4617865992,13.149078726,11.764705882,-6.5093167702,-6.8557336621,25.981710597,-6.3857752984,3.8283282453,-4.4827586206,7.419462661,7.0584737743,1.8894529047,6.115020626
"261",-11.955977989,-4.4320779387,-10.353819883,-9.9476594594,3.8490007402,6.4327485381,2.3385596598,2.5152237224,-1.2382578992,-2.9273859011,-3.4662045061,-5.1985559567,0.82378223487,0.14711290933,6.7533905341,-1.9666133089
"262",-26.837121212,-1.384083045,-4.7251267679,-4.3797318566,-8.1967213114,-12.113604698,-12.152687613,-12.603305785,-5.1880674449,-0.73800738019,-7.9892280072,-26.275704494,-1.7051509768,0.073448402327,-8.737360643,7.0738568193
"263",1.8675524316,13.26280545,0.21614911748,0.14253807185,2.0186335403,3.7162162162,-3.5471475023,-5.2895981088,-12.722298221,2.6986996154,-4.1668561001,24.380165289,8.9266353452,8,-4.3181818182,10.478910369
"264",-5.2954719878,-8.8960589356,-3.5165812145,-2.225123816,4.0226081486,4.8859934854,2.3904382469,2.9953198129,29.676071055,5.6589147287,-2.5588187725,-2.4086378737,14.075488336,8.5953243606,19.299287411,-1.4428856767
"265",-21.100139994,13.206239168,16.242219971,18.802670693,0.15255530125,13.378561989,5.6270577672,4.4531960011,-18.170829976,2.1276595744,15.705205953,-1.1914893617,14.885993485,13.708260105,-7.018417123,3.0919277859
"266",-11.519944979,7.8077158605,-9.1719804504,-10.671532277,-2.5133282559,-3.4818941504,-1.4735052422,-0.20301624136,-13.343180699,-8.5488505748,-1.6683022571,-15.159345391,3.1187978451,5.1004636785,10.840471092,0.98631239944
