serie1,serie2,serie3
38.5046684780768,8.90450520439752,5.03993155985909
40.8664252675488,10.9133874105714,3.51475271119416
39.9728579730768,13.1977525359961,2.98602078794394
40.0155520597619,14.5325329036567,2.5665409780604
44.1373527666502,16.1282333456874,3.91376360811572
45.0851673726548,16.5284499030816,2.74998712233687
48.7680699657913,17.7569433072073,1.01862329408493
50.2200001366411,15.86914908764,-0.734032834854487
52.3437567832961,15.5650766814521,-1.88355329773718
50.9931884569823,15.5957627284728,-1.44558583178006
52.6064447929133,14.7227103348394,0.0508413676182101
55.2654362548311,16.4236570122043,1.86799102565663
57.2682822435265,18.297286685816,2.70523134102928
61.7787068870672,19.8158532718515,2.73251016758316
62.3592675886721,21.1014568595631,2.25960579204311
63.6487252888793,20.6575600832814,3.14587009356297
63.9874853974384,22.1155384606337,5.34252247378395
67.1541167315293,22.0284775079536,6.14033893402369
67.4075609024521,20.2856686822087,8.56352142775104
69.7246911179202,15.7142890177986,9.7156788340565
74.5291333735544,14.2135129317216,9.71540414215591
74.7570889243928,13.9512760390451,8.98075826371594
75.0070684343375,11.5677637494229,9.32426242548665
76.9652270206278,12.1029055570527,9.57799602802392
81.3765899362704,13.3020551146135,11.1459500340769
82.7388888635617,14.0046231824755,12.8313189905168
86.3485130791486,13.7273100190791,13.151671387004
91.6878680307214,10.5940046428053,13.5040366840543
93.6276007550068,11.328688483932,12.9119302611451
94.5023048933739,8.60912244030231,13.7585824034327
97.7564795816554,4.25585864829753,15.480381701348
102.429948573893,-0.602184272743398,16.4125301506289
104.380620443696,-1.83223067103872,17.8294833926723
108.31284853281,-1.83188562095901,19.0734157587202
113.891049031157,-4.35789265586241,19.3398587768752
116.538010169889,-5.16616537806837,17.4911201203472
116.742285247865,-4.30578648181044,15.7914927662635
118.489755539505,-1.95936130751974,15.3462375915794
122.559683616995,-2.24616268165721,15.0290559517672
122.709193927192,-5.32030627821116,13.9011966541064
125.630769520416,-4.5818185485938,13.4284833784938
130.83256436453,-7.8719012963173,12.5214036584387
131.98573686154,-12.3982152638413,11.617421150267
132.919785802372,-19.5109922778905,12.7961173772791
134.219338106406,-22.1603941738366,13.1636637690551
137.356384163802,-21.6220213468211,13.5627711573059
139.327887084881,-23.6845186560345,13.6831222234881
142.328120351939,-24.4002415683873,13.7361625529429
148.848301298027,-23.4899304146303,12.5511497482862
150.49122809208,-20.7905200324582,11.2520543624006
151.809631507916,-22.0934793584011,10.2195749386941
153.057325743321,-26.2182781876894,11.1203611655313
157.618935066764,-26.3247050439162,11.0400208584486
158.469582832586,-30.7076878172319,10.2477119854479
161.520199145027,-36.0157303424702,9.84332605013168
168.232993561304,-43.2101647723764,8.32829007329354
170.12235246222,-45.3995024496835,7.62027616729156
169.33915594237,-43.8027400749959,8.93036953044743
171.734887943114,-46.202384515612,10.84028608102
176.723639869221,-48.557524153019,11.1728019846473
177.756400618237,-47.1558695173408,11.3553371106202
180.318684974401,-43.9408781441528,9.93663624424601
185.250124393974,-45.0274818255374,11.5871518530216
186.490673024819,-48.5095949887266,11.1682701233199
186.764190747735,-50.665272630401,9.82331772849468
189.500943807052,-56.4295522647739,9.60731830670113
194.401516274215,-61.8438515938714,9.50187178435771
196.557665361904,-71.9788568184782,9.13808405946829
201.311028490265,-74.4259843182261,10.075742115448
206.533075869008,-71.1287463689947,10.4097057682535
208.088577785031,-71.7112525498526,9.76191268845862
208.511267978175,-73.257608744586,9.88746207888375
212.55930442423,-70.6806802786419,8.80332250047964
217.463245288273,-67.1782607698748,9.49098986235803
219.066217215839,-69.5612149504896,11.1601214549873
222.400416451741,-73.5766415824219,12.4220894715876
226.323893049336,-77.4734226194886,13.561423819492
228.780858160693,-84.7593377413591,15.5542632498741
231.296136624138,-90.8052578930626,15.9275891010765
236.427731598096,-102.776787498582,16.9657387735325
241.886121403585,-105.527003645446,17.9210934639195
244.923461035078,-102.400710638168,19.6000489267193
246.27063412874,-103.590139415274,21.1355491839894
248.400421235628,-104.97930127881,22.4957609542088
251.12335540472,-101.430202362598,22.7521261660343
253.836805258725,-97.7053566109407,21.2721964240592
259.704585757011,-100.676881291575,19.7555504432043
264.607426647726,-105.998558171005,19.7598424015687
266.012198291505,-111.748323966823,18.6707284246355
264.95361160254,-120.176941349059,18.2232167885999
264.704583714972,-126.885861605554,18.8273541448586
268.353471887353,-139.916543112968,19.2579791248624
271.85866708077,-143.464525902994,19.5508618979546
276.992273636401,-141.424076150607,21.8193252357504
281.641951134456,-142.938326838629,22.4226744016735
283.244833910008,-145.602285087566,21.7343593720246
279.74849510082,-141.65346824394,19.6846321114462
278.290050421319,-136.695764870742,18.6143200017483
282.640468965447,-139.782090984524,17.9820168149293
286.442310758192,-145.197164712937,18.2361824399198
291.450395231023,-151.880565793882,16.7416186007214
295.845523798241,-160.934687965057,15.0449980059345
296.416595804662,-167.14105799767,11.055837023198
292.962774321838,-178.96060437649,8.97233494149199
291.816608975665,-181.371584794907,9.36125170596558
296.369957155076,-178.173718149752,9.37072014379927
299.327331212841,-177.185846442572,9.36857160570015
305.050436533301,-181.280066659273,9.55345394474509
308.94070068156,-177.46696821949,10.1270088941347
312.135434120656,-172.986948551097,10.2649971228361
308.976734036771,-177.321690097563,9.26243090418985
308.949387005887,-183.323020076448,7.31680958251918
314.583056231186,-191.056915186715,4.69732903550171
315.873756485287,-199.634402338928,4.29989400852593
319.963843610617,-205.724342505415,5.28589207314812
323.328038849918,-216.641538855977,6.55884584583731
327.4766880125,-218.907539002765,6.17477861763167
324.428170291864,-217.656590883314,6.21772151174867
325.752457712544,-218.456951740628,5.94219474280231
331.423340427347,-223.666156596744,6.52564538039023
332.106433830712,-218.917912143551,6.84310602894247
336.661316925095,-214.506635766132,7.05617750383025
340.834826363333,-217.369522827229,6.78477093955309
345.20457505272,-222.298275471933,7.06814397702949
341.197955352103,-230.086374336128,6.98046342804407
343.020307307105,-238.098517465151,7.26900924227943
350.612197463951,-244.926265400966,6.9104175429811
350.93642637919,-255.363133802847,6.7257964912717
353.413429434293,-257.160471994767,6.00276307311958
357.306272428466,-256.552315769856,4.85623495642351
363.225060711149,-259.372218479122,5.89395498964726
359.865021661562,-264.709825788058,7.85348232798761
361.973862312862,-259.569380752253,9.42252860033948
371.088877389016,-254.963507232924,10.3223248429456
371.849375209173,-259.022776624703,11.2180998684365
374.77167377687,-264.405970314634,10.1748961298836
379.570377442223,-271.08215845066,10.2923583253888
386.320361849659,-278.103683219728,10.1783549089429
384.590725792557,-286.379005930328,10.5794657529237
386.403447114056,-296.543656239867,12.5089963773962
394.812774066065,-298.370805128959,12.5856835252903
396.64247004856,-298.953434889021,11.9001306536725
399.652409114726,-302.860317152629,10.4596605049868
403.617062464858,-307.678605314898,10.9334091818215
410.815519268488,-301.967144280689,9.87684249168595
408.87944467391,-297.29535281639,7.3331447654204
411.001276834659,-300.998280851867,10.0153508364824
418.499832669055,-305.549529696752,12.4791871328134
420.245496548225,-311.793717364751,13.3914142794783
423.741301491832,-318.959546622847,14.0124297562045
426.522266632061,-328.07552662377,12.6901669154254
433.105319376521,-337.359141175737,12.6072853573682
432.467727051403,-339.950168055206,12.6011828062765
433.645283413828,-341.510796079399,11.257455649709
441.699255495897,-347.262641129234,10.2534855078964
444.874874657262,-352.655211986716,9.88781307999619
447.741663213922,-346.975657629173,9.5972370187807
450.009362031865,-343.546366211251,10.3166161706032
455.978028156157,-347.146874160358,9.90644959856862
456.020655752456,-351.678608156955,8.42263138059711
457.853271535667,-356.847298696162,7.51948443465891
465.815191358082,-364.451253679689,6.85777945813131
469.37123565248,-375.251155848895,5.26517294862856
472.292069666561,-384.308132369824,3.2396217923167
474.214883428427,-387.081411790857,0.898731630498015
481.696658919147,-389.370130995929,-0.46019896239887
484.330694962127,-394.026532080134,-0.9172180403967
486.881082086179,-398.29975358933,0.0144075568514465
496.44715719231,-391.782760047928,0.693440284637777
501.970456828213,-387.723570032064,0.879724761752463
506.589694119872,-391.869955692366,0.402812816067761
507.67854545613,-394.521482713951,0.925955346793509
518.158654375337,-398.224501746146,0.223917317699013
521.670338136272,-404.802736111928,0.370378800346606
522.974471655346,-415.830186538943,2.05790647319131
534.386562036793,-425.213211128833,2.52650910007304
542.458752908097,-428.400426869258,2.26759660790782
547.42692946665,-430.797694684675,2.22661606144053
548.767430715061,-433.714327766121,2.91734770629354
558.145982467989,-438.539365893968,3.13482287817605
559.115524969938,-434.257292420895,2.00533185527348
560.131288942601,-430.511596952141,2.38625618215412
570.742354905175,-434.861610170354,4.44372159040851
577.287279990735,-436.800402280053,4.59815844884236
580.801369300674,-440.461402770946,2.62133298098895
581.999576971863,-446.352287159988,3.66493836591861
590.615595364788,-456.881485322957,4.8344676896527
589.09958845415,-467.985771616627,4.44262233076762
589.334548336582,-472.027784353979,4.16911540645137
599.59424714818,-475.226251830985,2.7666509560323
605.564974715587,-478.068518458443,2.10588263322264
610.995840977863,-483.289099280814,3.57139984711736
614.960062617432,-479.934783662465,5.28131277167411
624.185735261156,-475.769674878695,7.5409198989436
622.515506534844,-480.106405115551,9.5282340819577
622.517743439833,-481.812092034438,9.17992638198728
632.780171458846,-486.209780676884,8.17831213539598
638.291870844852,-492.263636368636,7.61156910304273
643.894096868162,-501.228357153023,5.73325914237655
647.247621912806,-511.349251209713,3.89595617985667
655.225309385423,-514.357393351681,1.93423685306293
653.179478190287,-516.143496536134,-0.0309949136884251
651.661994802854,-517.865264421244,-0.215770743812572
661.041846220034,-523.655984313072,0.185675216495462
666.663744011766,-519.988315929628,0.0439458823391904
671.558065199145,-515.645284833534,0.153550849331066
676.804030010278,-521.562585092325,0.264109643400869
684.86605428159,-523.117884942338,-1.55358393906971
682.315313696595,-527.188552332077,-2.3451109105391
681.157733125063,-532.973998858074,-1.41464514685825
690.206238734496,-541.155824125122,-2.30023368668235
696.190227817944,-549.571173566619,-3.32588128958036
701.466786416332,-552.281443248231,-4.10580610277835
706.38309582535,-552.959526734166,-3.54993900562327
713.435455558749,-553.536538444374,-2.29262061432287
710.843991847555,-557.275435367198,-3.75339757533942
710.003503007262,-553.712056279624,-4.74643110814711
720.401726630117,-548.494976020689,-4.56681547215216
725.971886983042,-553.146425181439,-4.90307163719454
730.58162925312,-551.754212990451,-5.38426300517471
734.990099552285,-554.186438033542,-6.39909702621594
741.473747482517,-561.760769190482,-6.08584946113148
738.882901469233,-572.153469524235,-5.83421851822606
736.991216505079,-581.647578971156,-5.2459883326616
747.18261432509,-585.784462096478,-6.42999992803513
751.444668946861,-587.897912949336,-8.03891875340994
757.032113434756,-588.27237056103,-7.24644845454209
763.117306906837,-591.382058108374,-6.69351580503842
770.800696764705,-588.499227107529,-7.62196883581997
769.407314975897,-583.121901876646,-8.32550142610515
768.668281627299,-587.518578360078,-9.66773468290615
780.727389691882,-586.454338160179,-9.50004061279492
786.235240184248,-588.830581546755,-10.2533343789018
792.726132509345,-597.247573697956,-9.16432119747716
798.951852499258,-610.433907197257,-9.20804229405126
807.114498538611,-620.81159412673,-9.93591993681824
805.179005717564,-625.039029514851,-8.49586229259488
802.545879662455,-627.273567785757,-8.38857051585794
813.081066110931,-630.51812801766,-7.20522794476524
819.316875769184,-635.528834260908,-7.05210168057604
825.074298772448,-634.621264682565,-7.00483753357998
831.835103203145,-630.153567655165,-6.56908085330241
839.669004751299,-635.434395473725,-8.26361752642655
839.010178282713,-636.479869667177,-10.3646387037301
836.813101453418,-638.737054114416,-10.3991368185934
848.275209804781,-645.63832109124,-10.9349035408612
856.760123624056,-658.123055023193,-11.7990846686367
862.659330862649,-667.980542033445,-12.6658166330362
870.544888277884,-672.475028696111,-12.8683757393745
878.624621765082,-676.343775026671,-12.9520895571915
877.670130050829,-679.832006705746,-14.0940768953984
874.491189231546,-684.280537608648,-15.9580884632907
883.15884258676,-683.191961452802,-16.8540902398658
890.895477346847,-679.091836471361,-15.4501851648094
896.661092225808,-685.094733290347,-14.1004010637274
905.081381495405,-686.151865509887,-12.7468347790987
912.40843152769,-687.351894802717,-11.7545677824289
911.04773996489,-692.840742530028,-9.96941873396901
908.17531255763,-704.316754543682,-8.93446967058813
916.250812290753,-713.955203313723,-8.9884844446016
923.119368804965,-716.430142187261,-9.10769320936887
929.805254088702,-722.318869496791,-8.55383724564321
938.442247406883,-726.696289270829,-8.02146290127142
947.38366370193,-730.852869926858,-7.05768309831155
948.045080587763,-729.631995053355,-5.34932588168798
943.564403904866,-725.385195289068,-4.13529140521433
951.346385599849,-730.34060859405,-3.6293402492849
957.967938917393,-730.608184889643,-3.86105815436518
964.390525751608,-730.298936839794,-3.47342287690314
972.795087752229,-734.785658208126,-3.50549612888449
982.234573624759,-744.950976872282,-2.44765381192339
984.0113056111,-754.643052681069,-0.983880360400314
978.668688727623,-756.99662071088,-0.226179712549103
987.850775391411,-762.906788553203,0.30784372034628
996.40726180346,-769.59646646567,-0.164699130516201
1002.38951412125,-776.284433089998,1.03094097351981
1010.30449310506,-774.573908435739,3.11421226364987
1020.8181931698,-770.082007165466,3.26979833369598
1025.13409159528,-773.840202884987,2.79450316947778
1021.80794551187,-772.271563631419,1.48312135749612
1032.02451099819,-770.361523584227,2.59169231744355
1041.49592200693,-773.303399529041,3.88102961373155
1045.76234487249,-782.823097918351,2.73915553930641
1052.80740319738,-793.239368918072,0.220026247909344
1064.91639624131,-796.86782991838,-2.04995774209142
1069.63052612623,-803.722648098411,-1.53324066840653
1067.4479757661,-808.991930421775,-0.0438698617670494
1077.77233866752,-816.607523377288,3.48071907084975
1086.30287711276,-815.699682251219,4.20303170570884
1090.7772991584,-811.525052865378,3.79613780672962
1096.41999408649,-816.325896560051,5.05264386457685
1107.54766424405,-815.840042781856,7.91398181972059
1111.2645395786,-813.880313152308,9.00664573779905
1108.05825832178,-814.316139037771,10.8026856582421
1119.24130773204,-822.074666690758,10.8680875711955
1126.96868950538,-831.459565711099,8.9796429741253
1132.08918063487,-833.578406773874,6.43011286568329
1137.10740273464,-838.089247178963,6.12843796699035
1147.66432191661,-841.391455174729,5.01182653577334
1151.84714025335,-850.645804332181,4.24459791748725
1148.67120337509,-850.146130098927,4.05834443825451
1159.80018956004,-846.309276558418,4.45654921836825
1167.89508221499,-851.700647685634,5.18458442237911
1171.81635394905,-850.728456918273,5.87088792135141
1176.12595048464,-850.411787288939,5.19837814260621
1186.64860367003,-850.294297517413,5.15892269351702
1192.42098441167,-859.134281202909,4.86475299932578
1191.16749070639,-868.511405462175,6.42763116722513
1202.52941733932,-870.164533950615,6.638009460899
1210.27227795361,-871.681997846366,5.60971733771422
1214.55558933307,-871.523772374446,4.15751846514924
1218.97069617943,-879.559909495136,3.4348166623136
1229.58605469501,-878.300879846659,2.6969887948126
1234.76933491385,-873.582502101055,2.2759394952186
1233.78900805116,-878.987359725891,1.23590929930589
1244.12015409405,-879.069847538674,-1.03051738876073
1251.30657629224,-880.394521885758,-2.70426747618004
1255.48487012608,-880.318587176746,-3.43569489500984
1259.35653250795,-889.221094268523,-5.77952250375482
1270.4155730724,-896.838602143957,-6.93384341068434
1273.93623733591,-895.490849563788,-6.90117569496837
1272.4460053372,-893.375856424149,-6.43563107788753
1282.56772198906,-891.230700214225,-5.6460970625596
1289.30691240542,-897.107504856203,-5.93417170760855
1292.94213763769,-894.920768158052,-4.80243669687241
1297.39019679924,-890.435638151826,-3.71532234082654
1307.10611152781,-896.042801870673,-3.4016474921444
1309.96453167657,-895.074339911998,-3.94457986240189
1307.76086272147,-897.464790263125,-4.21891951700509
1316.88270262801,-899.051887053049,-4.48580061139685
1321.72327490023,-909.163731303887,-4.29328691196652
1325.20504357344,-917.048107937738,-4.648143817247
1329.5203142759,-916.591920406604,-6.24865120753041
1340.26097062872,-913.148026460317,-8.846325128258
1343.46678054598,-911.706487931577,-11.6497365211522
1342.02258780051,-918.543246246083,-14.4579833236564
1350.99173272955,-918.16689954885,-17.490962654767
1356.00193430948,-913.971037777277,-17.8049544285268
1358.60685615907,-921.210155862863,-18.8301540553524
1363.22350739948,-921.725901451456,-18.7196091522256
1374.2561974231,-926.212080950322,-18.9781026463322
1378.06795527984,-929.791158797898,-18.3626899640939
1375.79247493223,-941.460568122609,-18.0477003970157
1383.19433622734,-950.890744703096,-19.4249180706942
1389.41273469434,-951.903512025429,-21.4234159258441
1392.48774559319,-950.361697588894,-21.0654241232362
1397.59136873177,-949.972863047325,-19.6520924519505
1407.52803570624,-958.569768077283,-19.1125825356593
1413.55248975757,-959.87890843332,-19.0643027458033
1411.60760359552,-955.545347055638,-18.4963202395191
1418.61914921986,-962.739664855867,-17.4705796115918
1423.29563816118,-962.302272126738,-18.3411734630602
1426.79437809816,-966.535325045467,-19.0131807668484
1431.45481057852,-970.882982232354,-18.9242308373357
1441.14458649968,-982.988517750194,-19.7591319266355
1447.36923977507,-991.274301634336,-20.1471397423188
1444.27186263903,-991.174599619553,-18.7873333783525
1449.62973492725,-989.917133628119,-18.3735041665628
1452.75488050883,-990.219558716708,-18.2054390146097
1457.08265351217,-998.443644308293,-17.6943839068184
1462.24578619867,-999.87876228472,-18.4216807009585
1474.02553258977,-995.201023103791,-18.5042483168143
1481.662615205,-1001.87133245746,-18.7708180027906
1478.8137316885,-999.59915627228,-18.7329673248439
1485.25299758517,-1002.61482822802,-17.4105606500178
1488.87655688574,-1005.42337819091,-18.8873676045932
1493.6400305866,-1018.16077020278,-18.9610492831183
1498.16349682555,-1026.82807619382,-18.8287031386034
1509.50982866953,-1026.52067588742,-17.4449462227156
1518.11926660441,-1026.60929528033,-17.6243598170352
1514.3085314748,-1028.90391478996,-18.7141038479823
1521.88055849184,-1036.74607343507,-20.3145586523361
1526.53393038741,-1036.70446847113,-20.5708094573738
1531.95952055281,-1030.94132544237,-20.7762605188916
1536.59440057907,-1035.40660530423,-20.3417605169432
1548.19472322677,-1031.12746426233,-19.7795707999037
1555.26693893745,-1033.3922049178,-18.416161574859
1551.69931982648,-1033.15159985788,-18.7436983512358
1561.35860677886,-1046.20120585945,-19.0002235752481
1565.6981752491,-1055.5327482355,-19.3669034741269
1570.62703633345,-1056.56351657872,-20.0318853620041
1574.43553538141,-1056.50646715699,-21.1590970799171
1585.85972986835,-1058.90917993375,-21.1492438880285
1591.94186842024,-1064.99304650412,-20.7737342632216
1588.10828829106,-1062.70902747147,-21.4552769458931
1596.17095119283,-1057.24948118435,-21.256426876745
1600.97931173683,-1063.135475097,-21.3161659242089
1606.15891011078,-1059.17526067196,-20.6050723919068
1611.35918711016,-1062.20375349974,-20.5587108600477
1621.64813666166,-1062.20718468611,-18.7111470103155
1627.48725819313,-1077.73572829968,-16.4177969306456
1625.65914882231,-1086.74408823152,-16.5264505180224
1636.89386956819,-1087.04149034991,-18.2291754786611
1642.83609736445,-1087.0902573603,-18.3379098521339
1648.0617728404,-1090.33435676196,-19.0870231692503
1653.71905118985,-1096.46697977783,-20.547042261017
1664.07669377393,-1092.71840092325,-20.2606413376499
1670.96282695476,-1086.99630502909,-21.0280692378847
1670.41905231552,-1093.11048468421,-20.4846408308695
1679.71337813731,-1088.34534807348,-20.9966164656226
1685.21823336474,-1091.61018783332,-21.2316661477887
1689.61125104124,-1091.63100733078,-21.8227382213009
1695.0102462284,-1107.56815721463,-21.4861336384665
1704.6649485768,-1117.37012939117,-19.6645774945503
1711.46309871843,-1116.76383210654,-20.6988992209378
1712.00136810778,-1117.32802386405,-21.3804478163801
1720.4397917589,-1119.48438983256,-21.2516173522806
1726.39997019119,-1122.96624510425,-20.1125872072829
1732.35650881947,-1118.33339167583,-19.2147494221081
1738.10753905156,-1111.52169047829,-18.4529278247378
1747.85781871948,-1116.01337290697,-17.3900454022931
1752.49483729564,-1111.1870041431,-19.0153018465302
1751.63131000347,-1114.34828995117,-21.3168292026776
1757.51774479308,-1115.53508672665,-22.2611255214721
1762.66621149839,-1131.22626734541,-19.0629849988309
1767.69940345897,-1139.94595944974,-17.6550628732474
1773.48217831444,-1138.62693463626,-17.6055269520536
1784.27111998769,-1140.19302027258,-17.2687882615053
1789.31029664238,-1142.10087894477,-17.894652126758
1787.69976327419,-1145.52030824999,-15.5018402100097
1793.08921701812,-1140.85566851989,-12.8352997719195
1799.75249883167,-1133.63899493954,-11.9897123474931
1803.88400265458,-1137.44403459685,-11.6923041050146
1807.88704126831,-1132.09261078624,-13.4508680013573
1816.58261659724,-1133.79315584912,-13.2743709480654
1821.67458880361,-1134.95456251417,-13.0588270982458
1820.53182690418,-1150.41117960765,-12.7509859687149
1825.47780236359,-1159.47635461556,-13.0091808695996
1831.21129311371,-1159.12044965951,-12.6156342107128
1836.25084369263,-1161.0583537693,-12.9982219575777
1839.40506611819,-1164.53827932518,-13.2723698352867
1848.42703876683,-1169.52046187021,-12.6940788754567
1851.92151866082,-1164.20479388333,-10.8772479194006
1851.90770314246,-1156.12375857582,-8.72554741897342
1857.14364740217,-1159.38780419444,-6.74257202962862
1864.40484796161,-1154.68494266509,-6.52811516380832
1869.47660319435,-1156.77788221148,-5.5852801791347
1872.8787608733,-1158.74921991138,-6.01327016397113
1882.58561632307,-1173.94374883655,-7.35154784931462
1886.66504670531,-1183.61996758415,-8.53254478531713
1887.7809318378,-1181.75651197664,-8.81257235718417
1894.40041509413,-1183.6940948899,-9.24100446034364
1902.13401412973,-1188.38842403247,-10.7676791657442
1906.3261851848,-1194.10753093358,-12.9932200870824
1910.01601910189,-1189.76744719212,-14.9580712828236
1918.82208578593,-1181.65865951517,-16.2255569930224
1924.94409473337,-1184.70097806937,-17.5049321845018
1927.83938637455,-1181.24657893731,-19.2336668565307
1933.80481647932,-1183.41894881885,-20.282125187782
1941.83002388143,-1183.46742833358,-20.9299362582309
1947.22606517987,-1197.44343005962,-22.4131849601729
1950.68637726414,-1207.45621462805,-22.8798326752485
1960.11822545957,-1205.79218649799,-24.5903954413547
1967.22565229699,-1206.84109845537,-24.1810844250394
1970.74349518149,-1210.16444899289,-23.7536922855024
1976.4070059948,-1215.41621693544,-22.7226471177797
1984.80448571407,-1210.00768992378,-21.2342392141796
1990.10821691143,-1202.94356083218,-20.281774190916
1992.95640806846,-1208.82246926947,-20.6631946076532
2002.71787789413,-1206.91969331119,-21.0275854742488
2009.59404195211,-1209.78433904499,-18.7069978008233
2013.86336821713,-1211.84284825726,-17.6866176572644
2019.9458405535,-1226.46119094512,-17.0175806722541
2028.20391199261,-1238.18360858906,-17.1536360693153
2034.07689742447,-1237.50252027192,-17.4688055931266
2037.24137619587,-1238.14238696334,-16.6588868851129
2046.76753211098,-1240.04729762366,-17.7560212147223
2051.60530917383,-1244.54951882017,-20.8861993942631
2056.42378635928,-1236.94128815639,-23.5215233609379
2062.17100039495,-1231.02610494495,-24.511613148567
2070.46217216738,-1238.25710558748,-24.9405869059089
2078.85939654532,-1239.27674203765,-26.103493177814
2081.55202461637,-1243.22926242295,-27.3328376170054
2090.7244373999,-1245.07562081362,-29.6340334666753
2094.26785801597,-1258.48039943744,-29.9313559703919
2098.3818554778,-1271.13620832205,-29.4446065583415
2103.52981905258,-1270.33073263346,-28.9597025953406
2111.54974228166,-1269.65706691345,-28.6765255617435
2120.38091142024,-1272.39760350013,-28.4926677681117
2125.10666331708,-1277.02480549577,-27.6297292622528
2134.73904811223,-1269.36705171876,-26.9816950096424
2139.20239177892,-1261.97647524577,-27.4829347030629
2144.61620270751,-1269.03153056377,-27.8371812496758
2150.00330090893,-1270.62791665515,-26.1550291144611
2157.35029880252,-1276.06772540901,-24.3903813985485
2165.93612235383,-1281.39787384533,-23.0460498088222
2171.06964669816,-1298.08951365898,-21.6368952446083
2181.02274518254,-1312.87079234594,-22.0125690491626
2185.95470344772,-1312.76126817589,-25.5345591143958
2189.74619465201,-1313.04899248589,-27.2019861278051
2195.00024686535,-1317.7081381592,-27.5528578409235
2200.97288017439,-1323.39984727887,-28.3165650144335
2211.65991419719,-1314.83705129774,-30.8671939357228
2217.49377821097,-1307.82241409546,-31.3922429203553
2227.39144536524,-1314.55844038149,-31.0514061439602
2232.66278734545,-1316.3360012478,-31.4399238644462
2236.3432344416,-1323.6400798221,-29.8348524740082
2241.62314592443,-1331.63162367509,-28.2304683067807
2248.28921342359,-1351.34683735527,-28.1545143040012
2260.1884356772,-1368.07873337102,-28.872904556185
2265.2483998741,-1367.20498280065,-28.7264047021585
2274.34824136551,-1364.63231109466,-26.8532931160845
2279.67745553993,-1368.41175214454,-26.5922699806128
2283.58026545833,-1374.94024687609,-26.0330535765286
2289.8591206388,-1368.32900220902,-25.8424535045496
2297.64932202398,-1363.60116336129,-26.9924840157801
2310.78454020867,-1370.94312417452,-28.172004255153
2316.67740530894,-1372.95322264614,-27.6353950077661
2325.25701836906,-1378.75681615866,-27.3245778792678
2330.12008924856,-1385.80907959337,-27.7226713990812
2333.0514373875,-1404.84543360406,-27.5692220787114
2339.411226931,-1420.39905496009,-26.3598969897295
2346.7511629626,-1419.06226599039,-26.1107380148424
2359.33884359473,-1415.74595770603,-27.1808575170873
2364.82766992177,-1419.06459743668,-26.5935213320074
2373.04824159083,-1425.60101244414,-25.0891565794075
2376.01623852403,-1418.67831695105,-25.6487340228816
2380.76343297923,-1413.6513665892,-26.3697935042458
2387.89447170583,-1421.43070226428,-25.051542880614
2395.24510141214,-1422.57190191755,-23.0583217476403
2408.57382483281,-1426.70473064882,-22.4516515666392
2414.03382043829,-1432.90160851542,-21.8687875161074
2421.43569730855,-1452.30955581694,-22.255800505109
2425.09132229109,-1466.67776944067,-22.08753046112
2431.02873705558,-1465.60026685632,-24.2077895340999
2436.88313965085,-1464.06340526619,-25.167704920706
2446.24647542894,-1468.09409626406,-24.7306962777843
2458.92810380835,-1474.02883671007,-23.9605457116911
2463.48899844865,-1466.17556554315,-23.9927443381964
2471.09684328718,-1460.50425865687,-24.8391678613233
2473.6804964008,-1469.22738306498,-22.347275661579
2480.30559356284,-1471.19635079402,-20.9388926656399
2485.44687801306,-1475.35349312908,-19.7355022097022
2494.30081549086,-1480.89716320674,-17.82892543728
2506.68107933555,-1499.31991159874,-17.6277564441016
2509.39193423808,-1512.77279580908,-17.5210321530078
2516.51422328882,-1511.20734373774,-16.037774725931
2517.08053053265,-1511.12943478892,-14.2709393809192
2523.69179402472,-1515.49463659218,-13.846679974206
2528.92276258703,-1522.45999868517,-14.0917426632462
2537.68479038963,-1516.55546078959,-12.9414254380491
2550.62013003811,-1512.84916802882,-12.1500686737394
2552.01278376142,-1522.85351452598,-11.4190336699992
2559.66892134274,-1524.39211739252,-11.0142254821512
2558.75051262301,-1529.2404538161,-11.7297375764932
2564.50164899286,-1534.5403707045,-12.2987848422812
2568.39036621139,-1551.17590669113,-11.7203234652857
2577.41871898893,-1564.09726456733,-10.6176225435873
2590.93481871473,-1563.68368049841,-10.7535174493095
2591.92115973186,-1564.68241457149,-10.0676682642584
2598.55247930855,-1567.03741055209,-10.3181574798362
2595.63781906206,-1573.84732792057,-11.6665058040726
2600.02047089265,-1567.07788601133,-12.3542498493199
2605.10931359527,-1561.42497897408,-12.3026557584054
2613.77511083514,-1571.07899891857,-10.9957520147073
2625.5491960813,-1571.74180514953,-12.3093993572856
2626.60891343863,-1575.99966313242,-12.5104265173636
2634.51794737065,-1582.31542847604,-10.8521683290994
2631.53586250857,-1599.00703942361,-9.88914131500663
2637.04726074573,-1611.71216166797,-8.94044976011444
2643.42827624026,-1610.99637271898,-8.12229711271383
2653.21826454737,-1613.47621442596,-6.84831172076868
2665.93991055999,-1617.16243879708,-5.73947669240606
2667.40702202912,-1624.98460022231,-6.30019337733651
2674.15859768861,-1619.9139054488,-6.0384901154752
2669.5186607037,-1614.17129819132,-7.95832780377858
2675.42932026133,-1622.07940361149,-9.18465513635983
2682.52084693963,-1622.13174689506,-10.2131040753242
2692.58765906976,-1629.07818114141,-10.8621466063359
2705.75154911118,-1637.08419611881,-10.3315762175097
2706.6636572251,-1651.43811506184,-9.87008516169059
2714.46348979372,-1664.04415792233,-8.99942920074161
2710.73886670393,-1663.9474486803,-8.91892386259048
2716.77485348328,-1666.89507160167,-9.26613931857367
2722.78243940877,-1671.7992149987,-9.78682453247085
2732.58073896024,-1680.75123629117,-9.21495870669485
2746.27884732253,-1676.40382091635,-8.52439283127999
2748.38643320069,-1670.06769092949,-7.79156505470637
2756.71023297064,-1678.38799878551,-8.16542910223008
2754.79258029744,-1679.53672866416,-10.2155209929913
2760.91369047782,-1687.85125847384,-12.2751821271021
2768.15623574947,-1695.38810666042,-13.2075511146081
2777.89168069073,-1709.97144722998,-14.907531023923
2793.09478206929,-1724.68776752726,-16.2563576595059
2797.6270428269,-1724.06187092984,-17.4706902763779
2805.06053801732,-1727.95242603065,-18.8715786987576
2801.37008199066,-1732.92965649208,-20.054202717754
2808.75813429899,-1742.33583864837,-19.490045634247
2817.42447199206,-1737.65597797554,-18.1924312274333
2826.58725875606,-1730.34076621714,-17.682396151628
2841.48860174778,-1737.64848734949,-17.8431111474315
2845.08933994564,-1738.66874876154,-17.3857734120165
2852.23511625153,-1743.95967501087,-15.8550714145334
2849.75565528707,-1749.8914484191,-14.0751587644609
2859.19206711951,-1763.2794130509,-13.349380512836
2868.19336937928,-1776.37204126504,-12.534597067762
2876.1869225811,-1772.73399440929,-10.9018740213962
2889.5376942715,-1775.31399258593,-10.0369738380542
2892.37152635866,-1779.49955116248,-8.98363583946557
2900.71037086846,-1788.24044704957,-9.20809726752436
2898.07349175118,-1782.66197886985,-9.7504775205849
2908.29707917261,-1773.10068342395,-10.9662526677202
2917.15974951363,-1779.47148031162,-11.2088412636128
2924.90799741539,-1779.95989930817,-11.4199953750517
2938.03903052252,-1785.30553536752,-10.2345832830866
2940.53445365385,-1792.16432630677,-9.05316429600835
2952.29426886323,-1807.02973268816,-8.25586233571505
2948.5530541524,-1819.24264537361,-6.64786236913949
2957.95083190987,-1812.99174089898,-6.71832898467986
2967.17494153839,-1813.2607530488,-5.97761074766038
2975.63217989508,-1817.62654122018,-5.5908390050768
2989.12590514571,-1825.69284486862,-3.40566132934623
2991.04324266564,-1819.94383765541,-1.96400905270496
3002.25506274738,-1811.50180377965,-1.69085783224775
2998.62517918536,-1818.62886711576,-1.82038418741087
3008.78364657355,-1816.68270935825,-1.04246075643949
3017.90466661357,-1821.19642145551,-1.05135870067714
3026.13314312261,-1828.24143123886,-1.90123986183528
3040.49220616006,-1844.02895475471,-2.63912639232907
3041.8426479032,-1856.50268132471,-3.10179680658093
3052.57896025843,-1849.84281583014,-1.69085892440564
3048.60560322867,-1848.94295483833,-0.028993689801198
3059.75584758324,-1852.72304790165,-1.10787327921646
3069.49214865339,-1861.84659934369,-1.18218205922943
3077.54574751359,-1855.96362270522,-0.603469634826026
3090.85435307656,-1847.31493482604,0.81652317309265
3091.5396501101,-1855.72325623305,0.646629978548317
3100.61896655086,-1852.68560964651,2.04880591290809
3094.41561219412,-1856.72149379808,3.17829796514301
3105.13272260167,-1864.49924158337,3.61157183190974
3114.30702183344,-1882.17364658569,3.50243996995892
3121.96739597291,-1895.0316554601,2.96794604927501
3134.60959079843,-1889.68318370965,2.64833785938247
3133.94173384748,-1889.26366550377,2.70028782257806
3142.39664325072,-1893.29606963119,2.82791722685789
3137.43433667886,-1901.72401880756,2.82090748796845
3148.63154564086,-1894.38728304104,0.0364764070189203
3157.92115761137,-1882.64635725045,-0.37052573372873
3165.57747764698,-1889.83423925886,-0.38351830546594
3177.97706720334,-1886.75526481986,0.993949437155455
3178.53019460648,-1889.57910640154,2.70114607400243
3186.7876944105,-1897.74366249328,3.60432244278798
3181.46429419327,-1915.58814095918,4.03324389258059
3192.28964746046,-1927.47257373817,4.31279672682452
3200.82504896081,-1923.24789452479,5.70842193436709
3206.60002583154,-1923.92209775306,8.9051376210396
3217.62225893413,-1928.01365285984,10.8492145878292
3216.88631307877,-1937.10172585532,11.8686916383465
3223.79817474672,-1929.40553243572,12.0708728629157
3217.7064838014,-1917.2220049945,11.0078271380927
3228.41111271658,-1925.012606238,8.46935361495664
3236.65106361615,-1922.31734753009,7.53853424065466
3242.80707690419,-1924.34935159033,6.63495378673336
3254.9383029416,-1932.59757635114,6.88092528031438
3253.86026279788,-1950.17447438125,6.02420982700788
3260.67190763009,-1961.78054064834,7.33377181970548
3253.50026532226,-1958.51571121688,7.28618566889695
3263.88599137147,-1958.67939922607,6.64114410581339
3272.33747115685,-1962.50071789936,6.3488167011686
3278.96276645844,-1973.05006584391,7.63443418245492
3291.75897544283,-1966.66652449593,9.09974239362814
3291.41409403384,-1955.6469187703,9.52764681816725
3298.83060288879,-1962.55642661518,10.9089437102007
3292.05100300458,-1959.30182305888,11.6501536364633
3302.14807401636,-1960.84788345751,12.8831433796999
3310.06253398077,-1968.57350715306,14.6550087706177
3318.57655896391,-1985.32658146724,15.5933854604823
3330.47806150158,-1997.30502785548,14.2060987427352
3329.40315035176,-1993.80318677204,11.7761854460611
3337.39726379711,-1992.85419624123,7.30049014380433
3330.27718610138,-1995.52962354074,6.47373723925164
3340.39058883699,-2004.87008830333,6.23332732775899
3347.22078078508,-1997.8234403496,6.30680722614552
3355.15489795358,-1987.28956582505,6.50559470555149
3366.9253455493,-1993.08712790162,6.14523210001838
3364.94451087218,-1988.97239490763,6.98318473046055
3371.32247531798,-1991.19644108095,8.04760973327991
3362.21962187591,-1999.30122189136,7.59907694994644
3372.64246908731,-2014.10807989863,7.62620846595825
3377.42962000911,-2025.7145816064,10.3802444828042
3386.16168984328,-2021.99686448958,8.26393942168866
3398.88153170356,-2021.14862991409,7.48488858270939
3395.43358237092,-2020.68409181728,6.99311402818158
3401.93643197146,-2028.17279791545,6.5221711561845
3392.97645681078,-2017.8298290198,5.9269411699092
3404.32994803794,-2006.00053554419,4.72536346129152
3407.74093807452,-2010.90924490847,5.32675688889201
3416.52459854938,-2006.8660765861,7.9686514796369
3430.63470513026,-2009.26415270028,9.44788418201421
3428.12282256643,-2017.555586043,9.5596065885697
3434.0292999322,-2033.63704497403,7.61192331327924
3423.81843067056,-2045.58141902038,7.62314216277656
3434.0760879216,-2041.76430470473,6.74434104823428
3436.66819391524,-2041.70808297129,5.76657632854647
3443.74661523475,-2041.18846860182,7.25947254984865
3457.27169776197,-2048.63221898408,9.1941555604671
3453.79255177548,-2038.23003650653,10.4384492758317
3457.34735696062,-2028.68832308122,10.3126997273105
3446.4148945769,-2036.13466998695,9.48952153239778
3456.71089198153,-2032.46669816467,9.25382737431509
3458.45086640928,-2034.81596966704,7.01252522290244
3464.45307804534,-2043.85049119372,5.53191227290569
3477.74344865939,-2060.98980817525,4.60484121191094
3473.19455585174,-2074.27160864817,5.53995668319298
3475.48453233656,-2070.11969967735,6.83240641686576
3464.78220135564,-2069.81299747912,7.93263362217569
3474.43190959842,-2068.44259047453,7.54174325442502
3476.42966080462,-2074.30443969222,7.61353974899697
3481.6568944136,-2062.98560248366,7.3185760657907
3496.18515565692,-2053.81038270741,7.23113088867461
3492.74861189083,-2061.85454397901,6.88897130457079
3496.49413560222,-2055.83759540874,6.77540072187777
3485.01149553492,-2057.12440721828,6.77529102281938
3496.03426555696,-2066.13061176587,6.07537209550797
3497.29977107429,-2082.25094165974,4.08304453885781
3501.05091003718,-2096.31113989896,3.32713567097717
3512.05245805202,-2094.25248206008,2.69466610541873
3508.82288804934,-2095.30377040036,2.73015731241192
3512.15934924679,-2094.58591643669,4.55993934221633
3501.34228082986,-2101.54918091927,7.7454404019663
3512.46621471108,-2089.8342452586,9.0836996148021
3514.0261579184,-2079.6569742895,9.10813262823062
3517.42162530878,-2087.61114454876,9.5094027626623
3529.02686293746,-2082.34617428753,10.0136317700155
3525.87171262838,-2083.06587459906,9.53522402524498
3530.00323158865,-2093.01971805883,6.6373730258961
3518.53544868832,-2111.43280244902,5.45205425140581
3529.27943592771,-2125.83999461372,4.1469512080721
3528.7903249737,-2124.19881136462,2.66302300385584
3532.40231755831,-2125.88980788816,2.67055952170298
3543.59589989973,-2125.96731553664,2.45061869666053
3540.25956980322,-2132.97318882413,3.29558913895416
3544.55626752892,-2121.3116483275,4.64596307653838
3531.58234378663,-2110.98874250233,5.85465547937193
3543.91749669672,-2118.03831860632,8.03355105843228
3543.79745301795,-2113.87385040244,9.88911437945896
3547.1856437762,-2115.10625469108,9.89472285750584
3556.81746929076,-2125.19534011776,11.9592684222169
3551.94474282509,-2141.98478372111,13.7741326965507
3555.10018777398,-2157.59198880621,14.0952902134853
3542.14788596346,-2159.08956896023,13.7678917166815
3554.89060253941,-2162.25322490441,13.238864886052
3555.24913590944,-2163.14713635865,11.8778940864227
3558.27128721124,-2169.68116651575,12.9675184231913
3568.88372946876,-2156.9423398074,12.6797868971852
3565.13572624102,-2146.29432444797,12.8453198658577
3568.99911756912,-2153.48361259134,14.3090143290386
3556.803683881,-2150.18575506919,15.8622834245587
3569.55631820708,-2150.28987137136,15.2015181545977
3568.57498619296,-2158.84565518709,14.8714087196418
3572.14885841494,-2176.27136319456,15.0640796943018
3582.85918934235,-2191.42076392119,14.8589368274537
3579.37021771522,-2192.08245130419,15.360049686551
3583.55112436545,-2193.02651587131,15.511910303764
3570.1730602939,-2191.99512872899,16.515820354279
3581.83868441495,-2198.29218141083,15.6391934949323
3581.23223160283,-2186.97778531001,16.4231577672094
3584.75605078424,-2175.05935936611,18.3510495988179
3594.63600624219,-2181.09605993475,20.8317842294751
3590.6326733101,-2176.0374739612,23.0105877176909
3595.4290443962,-2176.81555279587,23.1023665854305
3583.00677437256,-2187.03237649135,22.8969758800412
3593.10822632522,-2205.67421541902,22.6813281741098
3592.28499015668,-2222.61506257185,21.3797079822655
3596.8909647977,-2223.24835079514,20.6962521711081
3606.32680914385,-2223.59304803683,18.0792756181777
3602.13363193863,-2222.49659225744,15.037250046561
3606.16114929737,-2231.6232926867,14.4370072379766
3593.4090275303,-2223.1786619576,14.3277573718807
3603.85381253585,-2212.64021108505,15.256114934034
3603.60644333415,-2220.02812530891,15.0793558999768
3609.45610045114,-2215.03888039781,14.0345922755973
3619.88140524838,-2215.51365343921,12.6007586618412
3616.11886920988,-2228.01274192934,12.3229626830538
3619.67763457544,-2247.82425456392,13.5367992600122
3606.42648968438,-2265.1436287832,15.6810773857149
3616.37787346489,-2266.36625196929,16.2493366134541
3614.68529524629,-2268.42649180419,15.2110522557577
3620.77646734956,-2267.1286035078,15.2908893624286
3629.75146664014,-2276.35964030802,16.3756413020639
3627.85919856123,-2269.12073061064,15.4888985024095
3632.89295845211,-2260.91488887995,15.6789052332918
3619.17272114586,-2269.07817244366,16.199811357817
3629.11197833562,-2264.379924728,15.3844776519599
3629.94947107394,-2265.9264988638,14.30703876969
3636.09854643358,-2278.79407149082,12.8555321113586
3643.55121208936,-2296.88337647986,13.1223447206837
3640.20419426438,-2312.91429519216,12.1841193150553
3643.79812990806,-2314.47731884186,10.1788973705607
3631.27219102655,-2317.61964130574,9.68823039688445
3641.85961886716,-2316.69610977031,10.4416777298126
3642.6748600524,-2328.18641941051,10.0408134301285
3649.01764356115,-2322.15159887986,8.59091612741824
3656.89073636098,-2314.10479265747,7.16066289033848
3654.40145951465,-2324.29167021209,6.48987361856036
3658.10174552382,-2320.72282569043,6.12839978563202
3645.76920016752,-2323.43438083908,7.13602200211214
3655.03818073902,-2335.71294681389,10.0668023128058
3656.45891632148,-2353.96342636819,12.0018628986186
3663.71168334593,-2369.87409126463,13.2708206430539
3670.92550210787,-2372.01763282708,13.6108911191135
3667.62801199468,-2374.62545547137,13.1737035175427
3671.47905723536,-2374.78527134233,12.9188714433106
3658.95506376177,-2386.86245281886,12.8540910954354
3667.73729361931,-2380.84159943289,13.6124301894423
3667.89673758045,-2371.11022250944,12.978662384367
3676.20319765019,-2380.67837891109,11.9763280593548
3684.6935816447,-2378.13878179887,9.14031796483101
3681.93176807641,-2382.61532795896,6.55201697189791
3686.28623978683,-2395.44074885202,5.88263534136011
3674.6976827858,-2415.96196583802,4.52757465288416
3683.61877746923,-2433.53177248038,3.27042439355802
3684.01513853361,-2438.3430667003,0.80527319599474
3693.47048442955,-2441.79686634258,-0.837904879827806
3701.386307982,-2443.77538845473,-1.95838388599485
3696.97426743824,-2454.60284505851,-2.76300232868223
3700.01084564321,-2447.47478698123,-1.41390626517226
3687.41087512343,-2436.91117473107,-0.567085932751907
3696.40244963843,-2447.84443731139,1.07706310625954
3696.16918360782,-2447.71945108923,2.60726053443277
3706.24875953018,-2453.75047428697,4.54617915363638
3714.81920083486,-2469.0644444564,5.5574750452464
3711.83673067429,-2490.58081569658,4.52733817948658
3716.03996012067,-2508.1873866642,3.02905116080392
3705.36971593759,-2514.08670316872,1.74257265390696
3715.63715083698,-2517.49222187162,-0.412715960182907
3713.80506811306,-2519.89264099528,-0.510757525055063
3723.70052348679,-2530.04167164928,0.445156720855555
3732.22396844536,-2521.87596886676,3.15682638094768
3729.84884921413,-2510.07872374941,3.64711896521396
3733.88755864452,-2520.33869170355,5.12802722753072
3722.96470327624,-2520.24725750458,5.50774357066593
3732.9224196939,-2527.81861684499,4.7250606170145
3729.79538800312,-2544.5847155995,4.70947257744592
3739.28090010644,-2565.19473453975,4.91207194000656
3748.4677706181,-2582.88145450488,4.48275041279934
3747.65629341938,-2589.6111947155,2.79009093768365
3750.8700682248,-2592.44304536258,2.56348007543043
3741.08304605929,-2593.74697797369,3.57691596504173
3751.05217639445,-2604.57345573679,4.9521789877901
3747.1019588115,-2596.66686502123,6.22003927772737
3754.63254761768,-2585.01333411702,5.55508231653744
3763.09572290838,-2597.27365061326,5.48398436106933
3762.34723917654,-2599.56872974757,5.55602533178276
3766.42680402262,-2607.55567780404,3.89027286211636
3759.2411607647,-2624.75927744272,1.58237431310817
3770.33772656007,-2646.15262386264,1.56836415307644
3767.86271524058,-2664.96542352865,2.04473746789433
3775.16930571188,-2672.17533106696,3.63583327396707
3785.45974074506,-2673.74733320325,3.05638583803802
3784.27151710911,-2676.2473619347,2.2165907583047
3787.94769451099,-2687.69391332653,1.4637026421248
3780.66635274556,-2679.34074231217,-0.582823435543948
3791.35283500651,-2665.95860608407,-0.885623825795035
3788.33815419629,-2678.53891028999,0.340239198592775
3794.85208490066,-2679.86351218802,-0.969002956479497
3803.70330449295,-2685.44462379522,-1.12505772022047
3802.29494033195,-2701.80071408694,0.958938366569656
3805.25243220461,-2723.68261110774,2.92328332774445
3798.00994627566,-2742.61848909967,2.47543946650557
3809.15301569885,-2749.03865261064,0.994129144725392
3803.43278973198,-2748.93116940312,2.50174307758194
3809.27434784846,-2751.56027536611,1.74931806500322
3819.26272567533,-2761.89378063319,2.1537308783619
3817.66606836051,-2752.67312360977,1.71583788709514
3818.9681165246,-2737.01017992314,1.61051237721758
3812.83281539708,-2749.50556888732,1.58304778716079
3823.891135484,-2749.08431884983,1.63855742114376
3818.70032923093,-2753.46513766958,3.23155982102024
3825.333597986,-2770.85971665699,2.84653386359279
3834.77813044557,-2792.76105288164,3.2061623645724
3833.38222124912,-2811.19356672622,4.70848565299841
3836.21938541342,-2817.72949359236,5.71112912723987
3829.2612905054,-2817.11723098516,5.17469936821229
3839.28920423632,-2821.99037750886,4.65950263391209
3835.79097147914,-2832.37381927252,3.99789763037746
3843.8841829689,-2822.6216674158,4.41481480981714
3852.9399126737,-2806.80175505609,5.82195078295094
3851.80969426769,-2819.50717725448,8.18055587931102
3853.80518303432,-2818.64984517083,9.16472773867812
3845.15846306391,-2822.7643838474,9.31010054595456
3855.74050802607,-2840.83876422555,9.26157007604795
3852.79207086474,-2862.02523745919,8.73612448305469
3860.62470311479,-2879.09486174273,8.86399274698353
3870.24140520964,-2884.63175198199,10.6071925122516
3868.7873049951,-2883.53617367125,10.5439205508051
3870.20809127192,-2889.54863111039,11.1995023019838
3862.2555138164,-2898.83572301647,12.5883377497581
3872.87355164435,-2889.69653893026,12.7515728361348
3870.21138567648,-2871.78883907461,13.0310594660817
3876.72602253756,-2883.35648413389,13.9907674094489
3885.72981708947,-2881.61459568616,14.5776116174525
3881.87181514278,-2885.30074612339,15.0049114730577
3882.68102105313,-2904.86841949678,17.3667045334414
3873.40359200117,-2927.76051953281,18.7065784574663
3884.0247755175,-2945.46071426453,20.0592182716764
3881.60986243082,-2950.2124402964,19.4803670854452
3887.33033781909,-2949.94268832802,19.0995067205222
3895.92978024882,-2956.28702186597,17.7190843470699
3891.97698333487,-2966.40689187825,17.653177658149
3893.64911151132,-2959.55616455589,17.2082045727871
3886.687678138,-2943.15182967882,18.0932596702901
3897.16125461154,-2954.52557288607,18.5242206875008
3895.0841913771,-2953.1699173798,18.6624331659309
3899.73788842238,-2956.62730575482,19.6794898488058
3908.4488113771,-2975.88745664483,21.458956367718
3904.76171355851,-2999.18933521756,22.4819350597512
3908.58166414386,-3017.06439568787,21.7084776161016
3903.19558629598,-3022.00840764539,22.0475389257528
3913.75583999077,-3020.70103393218,24.7620055438539
3912.75904697556,-3025.17711951322,26.4119132467509
3918.65120258097,-3034.06551467123,24.9868318663048
3927.45729764437,-3025.3697798668,23.0786860648318
3924.78744915858,-3010.90495271042,21.2057484322586
3928.3120761751,-3024.28053529859,20.3604897163103
3923.81598522524,-3022.96334737381,19.4668094245122
3934.06523110422,-3025.9366452483,16.6718231682788
3933.95114670277,-3046.42442285566,15.9030403985971
3939.56433687089,-3070.68333356881,15.0056764760608
3946.53594679953,-3087.84337339929,14.7442166882451
3942.78390292962,-3094.14763437988,15.0968027729797
3944.96840862628,-3093.01894517119,16.8705202017337
3939.58174008936,-3096.72259901328,16.0607377080939
3949.29496261998,-3104.25927551976,14.3113618768451
3950.61837978471,-3092.93238701483,13.483872609293
3958.02352868652,-3078.23753160256,12.7790563654056
3963.81790074181,-3091.01469609589,12.3828936164363
3958.26088330341,-3088.42151219267,11.2695874066329
3960.40918670737,-3092.75772921447,10.5139952209947
3953.38233177789,-3115.62975323326,11.9789558604799
3962.61704840315,-3140.00547224954,11.2543426023292
3964.28182611512,-3157.53289571862,10.3384644126732
3971.47810797912,-3165.680660877,10.1558215739596
3976.22206248569,-3164.71625297845,11.4752678645901
3972.37232135785,-3169.42241475641,14.3807793741143
3974.90101819622,-3176.88647969667,14.0931964320457
3970.7329493802,-3165.18021899609,12.6758231019352
3980.48421392304,-3151.69812406526,9.11228139386015
3982.50019539588,-3164.72055751965,6.61538425095945
3989.45855469692,-3161.77432894725,7.52313031250107
3994.13908463162,-3164.34011331345,8.26765716846197
3987.71278580563,-3186.37025170737,9.61947278277954
3989.06112458569,-3209.94909380086,11.8948580333894
3986.14221624232,-3227.86221419201,12.4051525217469
3995.1839011501,-3237.35936623568,11.9003482549282
3995.65186943136,-3236.58264591442,11.6574327347019
4002.10739327932,-3242.65577692159,10.091931478466
4005.39769978732,-3250.44888658458,10.624428390414
3997.97905037877,-3239.43880552531,11.8427824906619
3999.40660481408,-3227.55799771055,14.6165234591699
