wage;educ;exper;tenure;nonwhite;female;married;numdep;smsa;northcen;south;west;construc;ndurman;trcommpu;trade;services;profserv;profocc;clerocc;servocc;lwage;expersq;tenursq
3.099999905;11;2;0;0;1;0;2;1;0;0;1;0;0;0;0;0;0;0;0;0;1.131402135;4;0
3.24000001;12;22;2;0;1;1;3;1;0;0;1;0;0;0;0;1;0;0;0;1;1.175573349;484;4
3;11;2;0;0;0;0;2;0;0;0;1;0;0;0;1;0;0;0;0;0;1.098612309;4;0
6;8;44;28;0;0;1;0;1;0;0;1;0;0;0;0;0;0;0;1;0;1.791759491;1936;784
5.300000191;12;7;2;0;0;1;1;0;0;0;1;0;0;0;0;0;0;0;0;0;1.667706847;49;4
8.75;16;9;8;0;0;1;0;1;0;0;1;0;0;0;0;0;1;1;0;0;2.169053793;81;64
11.25;18;15;7;0;0;0;0;1;0;0;1;0;0;0;1;0;0;1;0;0;2.420368195;225;49
5;12;5;3;0;1;0;0;1;0;0;1;0;0;0;0;0;0;1;0;0;1.609437943;25;9
3.599999905;12;26;4;0;1;0;2;1;0;0;1;0;0;0;1;0;0;1;0;0;1.280933857;676;16
18.18000031;17;22;21;0;0;1;0;1;0;0;1;0;0;0;0;0;0;1;0;0;2.900322199;484;441
6.25;16;8;2;0;1;0;0;1;0;0;1;0;0;0;1;0;0;1;0;0;1.83258152;64;4
8.130000114;13;3;0;0;1;0;0;1;0;0;1;0;0;0;0;0;1;0;1;0;2.095561028;9;0
8.770000458;12;15;0;0;0;1;2;1;0;0;1;0;0;0;0;0;0;0;0;0;2.171336889;225;0
5.5;12;18;3;0;0;0;0;1;0;0;1;0;0;0;0;0;0;0;0;0;1.704748034;324;9
22.20000076;12;31;15;0;0;1;1;1;0;0;1;0;0;0;0;0;0;1;0;0;3.100092411;961;225
17.32999992;16;14;0;0;0;1;1;1;0;0;1;0;0;0;0;0;1;1;0;0;2.852439165;196;0
7.5;12;10;0;0;1;1;0;1;0;0;1;0;0;0;0;0;0;0;1;0;2.014903069;100;0
10.63000011;13;16;10;0;1;0;0;1;0;0;1;0;0;0;0;0;1;1;0;0;2.363680124;256;100
3.599999905;12;13;0;0;1;1;3;1;0;0;1;0;0;0;0;0;0;0;0;0;1.280933857;169;0
4.5;12;36;6;0;1;1;0;1;0;0;1;0;0;0;0;0;1;0;0;1;1.504077435;1296;36
6.880000114;12;11;4;0;1;0;0;1;0;0;1;0;0;0;0;0;1;1;0;0;1.92861867;121;16
8.479999542;12;29;13;0;0;1;3;1;0;0;1;0;0;0;0;0;0;0;0;0;2.137710333;841;169
6.329999924;16;9;9;0;1;0;0;1;0;0;1;0;0;0;0;0;0;1;0;0;1.845300198;81;81
0.529999971;12;3;1;0;1;0;0;1;0;0;1;0;0;0;0;1;0;0;0;1;-0.634878337;9;1
6;11;37;8;1;1;0;0;1;0;0;1;0;0;0;0;1;0;0;0;0;1.791759491;1369;64
9.56000042;16;3;3;1;0;1;1;1;0;0;1;0;1;0;0;0;0;1;0;0;2.257587671;9;9
7.78000021;16;11;10;0;0;1;1;1;0;0;1;0;0;1;0;0;0;0;0;0;2.051556349;121;100
12.5;16;31;0;0;0;1;0;1;0;0;1;0;0;0;0;0;0;1;0;0;2.525728703;961;0
12.5;15;30;0;0;0;1;2;1;0;0;1;0;0;0;0;0;0;1;0;0;2.525728703;900;0
3.25;8;9;1;0;1;1;2;1;0;0;1;0;0;0;0;0;0;0;0;0;1.178655028;81;1
13;14;23;5;0;0;1;2;1;0;0;1;0;0;0;0;0;1;1;0;0;2.564949274;529;25
4.5;14;2;5;0;1;0;2;1;0;0;1;0;0;0;1;0;0;0;0;0;1.504077435;4;25
9.680000305;13;16;16;0;1;0;0;1;0;0;1;0;0;0;0;0;0;1;0;0;2.27006197;256;256
5;12;7;3;0;1;0;0;1;0;0;1;0;0;0;0;0;0;0;1;0;1.609437943;49;9
4.679999828;12;3;0;0;1;0;0;1;0;0;1;0;0;0;0;1;0;0;1;0;1.543298125;9;0
4.269999981;16;22;4;1;1;1;1;1;0;0;1;0;0;0;1;0;0;1;0;0;1.451613784;484;16
6.150000095;12;15;6;1;1;1;1;1;0;0;1;0;0;0;0;1;0;0;0;1;1.816452146;225;36
3.50999999;4;39;15;0;0;1;5;1;0;0;1;0;0;0;1;0;0;0;0;0;1.255616069;1521;225
3;14;3;3;0;1;1;0;1;0;0;1;0;0;0;0;0;1;0;1;0;1.098612309;9;9
6.25;12;11;0;0;1;0;0;1;0;0;1;0;0;0;0;0;1;0;1;0;1.83258152;121;0
7.809999943;12;3;0;0;1;1;0;1;0;0;1;0;0;0;0;1;0;0;0;1;2.055404902;9;0
10;12;20;5;1;1;1;4;1;0;0;1;0;0;0;0;0;1;0;1;0;2.302585125;400;25
4.5;14;16;0;0;1;1;1;1;0;0;1;0;0;0;0;0;1;0;1;0;1.504077435;256;0
4;11;45;12;0;1;1;0;1;0;0;1;0;0;0;0;0;1;0;0;1;1.386294365;2025;144
6.380000114;13;11;4;0;1;0;0;1;0;0;1;0;0;0;0;0;0;0;0;0;1.85316813;121;16
13.69999981;15;20;13;0;0;1;2;1;0;0;1;0;0;0;0;0;1;1;0;0;2.617395878;400;169
1.669999957;10;1;0;0;0;0;1;1;0;0;1;0;0;0;0;1;0;0;0;0;0.512823582;1;0
2.930000067;12;36;2;0;1;1;1;1;0;0;1;0;0;0;1;0;0;1;0;0;1.075002432;1296;4
3.650000095;14;9;2;0;0;0;0;1;0;0;1;0;0;0;1;0;0;1;0;0;1.294727206;81;4
2.900000095;12;15;1;0;1;1;2;1;0;0;1;0;0;0;0;1;0;0;0;1;1.064710736;225;1
1.629999995;12;18;0;0;1;0;2;0;0;0;0;0;0;0;0;1;0;0;0;1;0.488580018;324;0
8.600000381;16;3;2;0;1;0;0;1;0;0;0;0;0;0;0;0;1;1;0;0;2.151762247;9;4
5;12;15;5;0;0;1;1;1;0;0;0;0;0;0;1;0;0;0;1;0;1.609437943;225;25
6;12;7;7;0;0;1;0;1;0;0;0;0;0;0;0;0;0;0;0;0;1.791759491;49;49
2.5;12;2;0;0;0;0;2;0;0;0;0;0;0;0;0;0;0;0;0;0;0.91629076;4;0
3.25;15;3;0;0;0;0;1;0;0;0;0;0;0;0;1;0;0;0;0;1;1.178655028;9;0
3.400000095;16;1;1;0;1;0;1;0;0;0;0;0;0;0;1;0;0;0;0;1;1.223775506;1;1
10;8;13;0;1;0;0;0;1;0;0;0;0;0;0;1;0;0;0;0;0;2.302585125;169;0
21.62999916;18;8;8;0;1;0;0;1;0;0;0;0;0;0;0;0;1;1;0;0;3.074081182;64;64
4.380000114;16;7;0;0;0;0;0;1;0;0;0;0;0;0;1;0;0;0;0;1;1.477048755;49;0
11.71000004;13;40;20;0;1;0;0;1;0;0;0;0;1;0;0;0;0;1;0;0;2.460443258;1600;400
12.39000034;14;42;5;0;0;0;0;1;0;0;0;0;0;0;0;0;1;1;0;0;2.516889811;1764;25
6.25;10;36;8;0;0;0;0;1;0;0;0;0;0;0;1;0;0;0;0;1;1.83258152;1296;64
3.710000038;10;13;0;1;1;0;4;1;0;0;0;0;0;0;0;0;1;0;1;0;1.311031938;169;0
7.78000021;14;9;3;0;0;0;0;1;0;0;0;0;0;0;0;0;1;1;0;0;2.051556349;81;9
19.97999954;14;26;23;0;0;1;2;1;0;0;0;0;0;0;0;0;0;1;0;0;2.994731665;676;529
6.25;16;7;4;1;1;1;3;1;0;0;0;0;0;0;0;0;1;1;0;0;1.83258152;49;16
10;12;25;3;0;0;1;3;1;0;0;0;0;0;0;0;0;1;1;0;0;2.302585125;625;9
5.710000038;16;10;5;0;0;1;1;1;0;0;0;0;0;0;0;0;1;1;0;0;1.742218971;100;25
2;12;3;2;0;1;0;4;1;0;0;0;0;0;0;0;1;0;0;0;0;0.693147182;9;4
5.710000038;16;3;0;0;1;0;0;1;0;0;0;0;0;0;1;0;0;0;1;0;1.742218971;9;0
13.07999992;17;17;2;1;0;1;3;1;0;0;0;0;0;0;0;0;1;1;0;0;2.571084261;289;4
4.909999847;12;17;8;0;0;1;2;1;0;0;0;0;0;0;0;0;0;0;0;0;1.591273904;289;64
2.910000086;12;20;34;0;1;1;2;1;0;0;0;0;0;0;0;1;0;0;1;0;1.068153143;400;1156
3.75;12;7;0;0;1;1;0;1;0;0;0;1;0;0;0;0;0;0;1;0;1.321755886;49;0
11.89999962;13;24;19;0;0;1;2;1;0;0;0;0;0;0;0;0;1;1;0;0;2.47653842;576;361
4;12;28;0;0;1;1;1;1;0;0;0;0;0;0;0;0;1;0;1;0;1.386294365;784;0
3.099999905;12;2;1;0;1;0;1;1;0;0;0;0;0;0;1;0;0;0;1;0;1.131402135;4;1
8.449999809;12;19;13;0;0;1;4;1;0;0;0;0;0;0;0;0;0;0;0;0;2.134166479;361;169
7.139999866;18;13;0;0;0;1;2;1;0;0;0;0;0;0;0;0;1;1;0;0;1.965712786;169;0
4.5;9;22;5;0;0;1;4;1;0;0;0;0;0;0;0;0;0;0;0;0;1.504077435;484;25
4.650000095;16;3;1;0;0;0;0;1;0;0;0;0;1;0;0;0;0;0;0;0;1.536867261;9;1
2.900000095;10;4;0;0;1;0;1;1;0;0;0;0;0;0;0;0;1;0;0;1;1.064710736;16;0
6.670000076;12;7;5;0;0;0;0;1;0;0;0;0;0;0;0;0;0;1;0;0;1.897619843;49;25
3.5;12;6;2;1;1;0;1;1;0;0;0;0;0;0;0;0;1;0;0;1;1.252762914;36;4
3.25999999;12;13;3;0;1;1;1;1;0;0;0;0;0;0;1;0;0;1;0;0;1.181727171;169;9
3.25;12;14;0;0;1;1;1;1;0;0;0;0;0;0;0;0;1;0;1;0;1.178655028;196;0
8;12;14;4;0;1;0;1;1;0;0;0;0;0;0;0;0;1;1;0;0;2.079441547;196;16
9.850000381;8;40;24;1;0;1;2;1;0;0;0;0;0;0;0;0;0;0;0;0;2.287471533;1600;576
7.5;12;11;7;0;0;1;1;1;0;0;0;0;0;0;0;0;0;0;0;0;2.014903069;121;49
5.909999847;12;14;6;0;0;1;2;0;0;0;0;0;0;1;0;0;0;0;0;0;1.77664578;196;36
11.76000023;14;40;39;0;0;1;0;1;0;0;0;0;0;1;0;0;0;1;0;0;2.464704037;1600;1521
3;12;1;0;0;1;0;2;1;0;0;0;0;0;0;1;0;0;1;0;0;1.098612309;1;0
4.809999943;12;2;0;0;1;0;0;1;0;0;0;0;0;0;0;0;1;0;0;1;1.570697069;4;0
6.5;12;4;1;0;1;0;0;1;0;0;0;0;0;0;0;0;1;1;0;0;1.871802211;16;1
4;9;19;1;0;1;1;1;1;0;0;0;0;0;0;0;1;0;0;0;1;1.386294365;361;1
3.5;13;1;0;0;0;0;1;1;0;0;0;0;1;0;0;0;0;1;0;0;1.252762914;1;0
13.15999985;12;34;22;0;0;1;0;1;0;0;0;0;0;0;1;0;0;1;0;0;2.577181816;1156;484
4.25;14;5;2;0;0;1;2;1;0;0;0;0;0;0;1;0;0;0;0;0;1.446918964;25;4
3.5;12;3;0;0;0;0;0;1;0;0;0;0;0;0;1;0;0;0;0;1;1.252762914;9;0
5.130000114;15;6;6;0;1;0;0;1;0;0;0;0;1;0;0;0;0;1;0;0;1.635105729;36;36
3.75;12;14;0;0;1;1;3;1;0;0;0;0;0;0;0;1;0;0;0;1;1.321755886;196;0
4.5;12;35;12;0;1;1;0;1;0;0;0;0;0;0;0;0;1;0;1;0;1.504077435;1225;144
7.630000114;12;8;4;0;1;0;0;1;0;0;0;0;0;1;0;0;0;0;1;0;2.032087803;64;16
15;14;7;7;1;0;1;1;1;0;0;0;0;0;0;0;0;0;0;0;0;2.708050251;49;49
6.849999905;15;11;3;0;1;1;2;1;0;0;0;0;0;0;0;0;1;1;0;0;1.924248695;121;9
13.32999992;12;14;11;0;0;1;2;1;0;0;0;0;0;0;1;0;0;1;0;0;2.59001708;196;121
6.670000076;12;35;10;0;0;0;0;1;0;0;0;0;0;0;0;0;0;0;0;0;1.897619843;1225;100
2.529999971;12;46;0;0;1;0;0;1;0;0;0;0;0;0;1;0;0;1;0;0;0.928219318;2116;0
9.800000191;17;7;0;0;0;1;0;1;0;0;0;0;0;0;0;1;0;1;0;0;2.282382488;49;0
3.369999886;11;45;12;0;0;1;0;1;0;0;0;0;0;0;1;0;0;1;0;0;1.214912653;2025;144
24.97999954;18;29;25;0;0;1;0;1;0;0;0;0;0;0;0;0;0;1;0;0;3.218075514;841;625
5.400000095;12;6;3;0;0;1;0;1;0;0;0;0;0;0;0;1;0;0;0;0;1.686398983;36;9
6.110000134;14;15;0;0;0;1;2;1;0;0;0;0;0;0;1;0;0;1;0;0;1.809926748;225;0
4.199999809;14;33;16;0;1;1;0;1;0;0;0;0;0;0;0;0;1;1;0;0;1.435084462;1089;256
3.75;10;15;0;0;0;0;0;1;0;0;0;0;0;0;1;0;0;0;0;0;1.321755886;225;0
3.5;14;5;0;0;1;1;0;0;0;1;0;0;0;0;0;0;1;0;1;0;1.252762914;25;0
3.640000105;12;7;2;0;0;0;0;1;0;1;0;0;0;0;0;0;1;0;0;1;1.291983724;49;4
3.799999952;15;6;1;0;0;1;1;1;0;1;0;0;0;0;1;0;0;0;0;0;1.335001111;36;1
3;8;33;12;0;1;1;3;0;0;1;0;0;1;0;0;0;0;0;0;0;1.098612309;1089;144
5;16;2;1;0;1;1;0;0;0;1;0;0;0;0;1;0;0;1;0;0;1.609437943;4;1
4.630000114;14;4;0;0;1;1;2;1;0;1;0;0;0;0;0;0;1;0;0;1;1.532556891;16;0
3;15;1;0;0;0;0;0;1;0;1;0;0;0;0;1;0;0;1;0;0;1.098612309;1;0
3.200000048;12;29;0;0;1;0;1;1;0;1;0;0;0;0;0;0;0;0;1;0;1.163150787;841;0
3.910000086;18;17;3;0;0;1;2;0;0;1;0;0;0;0;0;0;1;1;0;0;1.363537431;289;9
6.429999828;16;17;3;0;1;1;2;0;0;1;0;0;0;0;0;0;1;1;0;0;1.86097455;289;9
5.480000019;10;36;3;0;1;1;0;1;0;1;0;0;0;0;0;0;0;0;0;0;1.701105118;1296;9
1.5;8;31;30;0;0;0;0;0;0;1;0;0;0;0;1;0;0;0;0;0;0.405465096;961;900
2.900000095;10;23;2;0;1;0;2;0;0;1;0;0;0;0;0;0;1;0;0;1;1.064710736;529;4
5;11;13;1;0;0;1;0;0;0;1;0;0;0;0;1;0;0;0;0;0;1.609437943;169;1
8.920000076;18;3;3;0;0;1;0;1;0;1;0;0;0;0;1;0;0;1;0;0;2.188295841;9;9
5;15;15;0;0;0;0;0;1;0;1;0;0;0;0;1;0;0;1;0;0;1.609437943;225;0
3.519999981;12;48;1;0;0;1;0;0;0;1;0;0;0;0;0;0;1;0;0;0;1.258460999;2304;1
2.900000095;11;6;0;0;1;0;1;0;0;1;0;0;1;0;0;0;0;0;0;0;1.064710736;36;0
4.5;12;12;0;0;0;1;3;1;0;1;0;0;0;0;1;0;0;0;0;0;1.504077435;144;0
2.25;12;5;0;0;1;0;2;1;0;1;0;0;0;0;1;0;0;0;0;1;0.810930192;25;0
5;14;19;5;0;0;1;4;1;0;1;0;0;0;0;1;0;0;0;0;0;1.609437943;361;25
10;16;9;3;1;0;1;2;1;0;1;0;0;0;0;0;0;0;1;0;0;2.302585125;81;9
3.75;2;39;13;0;0;1;0;1;0;1;0;0;0;0;0;0;1;0;0;1;1.321755886;1521;169
10;14;28;11;0;1;1;0;1;0;1;0;0;1;0;0;0;0;1;0;0;2.302585125;784;121
10.94999981;16;23;20;0;0;1;4;1;0;1;0;0;1;0;0;0;0;1;0;0;2.393339396;529;400
7.900000095;12;2;0;0;0;0;0;1;0;1;0;1;0;0;0;0;0;0;0;0;2.066862822;4;0
4.71999979;12;15;1;0;1;0;0;1;0;1;0;0;0;0;0;0;0;0;0;0;1.551808715;225;1
5.840000153;13;5;0;0;1;1;1;1;0;1;0;0;0;0;0;0;1;0;1;0;1.764730811;25;0
3.829999924;12;18;2;0;1;0;3;1;0;1;0;0;0;0;0;0;0;0;1;0;1.342864752;324;4
3.200000048;15;2;2;0;1;0;2;1;0;1;0;0;0;1;0;0;0;0;0;0;1.163150787;4;4
2;10;3;0;1;1;0;5;1;0;1;0;0;0;0;1;0;0;0;0;1;0.693147182;9;0
4.5;12;31;4;0;1;1;3;1;0;1;0;0;0;0;0;0;1;0;1;0;1.504077435;961;16
11.55000019;16;20;5;0;1;1;3;1;0;1;0;1;0;0;0;0;0;0;1;0;2.446685553;400;25
2.140000105;13;34;15;1;1;1;0;1;0;1;0;0;0;0;0;1;0;0;0;0;0.760805905;1156;225
2.380000114;9;5;0;1;0;0;5;1;0;1;0;0;0;0;0;0;0;0;0;1;0.867100537;25;0
3.75;12;11;0;0;0;0;1;1;0;1;0;0;0;0;0;0;0;0;0;0;1.321755886;121;0
5.519999981;13;31;3;0;0;0;0;1;0;1;0;0;0;0;1;0;0;0;0;0;1.708377838;961;9
6.5;12;8;5;0;1;1;0;1;0;1;0;0;0;1;0;0;0;0;1;0;1.871802211;64;25
3.099999905;12;2;2;0;1;0;1;1;0;1;0;0;1;0;0;0;0;0;0;0;1.131402135;4;4
10;14;18;5;0;0;1;2;1;0;1;0;0;0;0;0;0;0;1;0;0;2.302585125;324;25
6.630000114;16;3;0;0;0;1;0;1;0;1;0;0;0;0;0;0;1;1;0;0;1.891604781;9;0
10;16;3;2;0;0;1;0;1;0;1;0;0;0;1;0;0;0;1;0;0;2.302585125;9;4
2.309999943;9;4;1;0;1;0;5;0;1;0;0;0;0;0;1;0;0;0;0;1;0.837247491;16;1
6.880000114;18;4;4;0;0;0;0;1;1;0;0;0;0;0;0;0;1;1;0;0;1.92861867;16;16
2.829999924;10;1;0;0;0;0;4;1;1;0;0;0;0;0;1;0;0;0;0;0;1.040276647;1;0
3.130000114;10;1;0;0;1;0;1;1;1;0;0;0;0;0;1;0;0;1;0;0;1.141033053;1;0
8;13;28;5;0;0;1;1;1;1;0;0;0;0;0;0;1;0;1;0;0;2.079441547;784;25
4.5;12;47;4;0;1;1;0;1;1;0;0;0;0;0;1;0;0;0;1;0;1.504077435;2209;16
8.649999619;18;13;1;0;1;0;0;1;1;0;0;0;1;0;0;0;0;1;0;0;2.157559395;169;1
2;13;2;6;0;1;0;0;1;1;0;0;0;0;0;0;1;0;0;0;1;0.693147182;4;36
4.75;12;48;2;0;1;1;0;1;1;0;0;0;0;0;0;0;1;0;0;1;1.558144569;2304;4
6.25;13;6;5;0;1;1;1;1;1;0;0;0;0;0;0;0;1;1;0;0;1.83258152;36;25
6;13;8;0;0;0;1;2;1;1;0;0;0;0;0;0;0;1;0;0;1;1.791759491;64;0
15.38000011;13;25;21;0;0;1;2;1;1;0;0;0;0;0;0;0;1;1;0;0;2.733067989;625;441
14.57999992;18;13;7;0;1;0;0;1;1;0;0;0;0;0;0;0;1;1;0;0;2.679650784;169;49
12.5;12;8;1;0;0;0;0;1;1;0;0;0;0;0;0;0;0;0;0;0;2.525728703;64;1
5.25;12;19;10;0;1;1;2;1;1;0;0;0;0;1;0;0;0;0;1;0;1.65822804;361;100
2.170000076;13;1;4;0;1;0;1;1;1;0;0;0;1;0;0;0;0;0;0;1;0.774727225;1;16
7.139999866;12;43;5;0;1;0;0;1;1;0;0;0;0;0;0;0;0;0;0;0;1.965712786;1849;25
6.21999979;12;19;9;0;1;1;1;1;1;0;0;0;0;0;0;0;1;0;1;0;1.827769876;361;81
9;12;11;5;0;1;1;0;1;1;0;0;0;0;0;0;0;1;1;0;0;2.197224617;121;25
10;14;43;4;0;0;1;0;1;1;0;0;0;0;0;0;0;1;1;0;0;2.302585125;1849;16
5.769999981;10;44;3;0;0;1;0;1;1;0;0;0;0;0;0;0;1;1;0;0;1.752672076;1936;9
4;12;22;11;0;1;1;2;1;1;0;0;0;1;0;0;0;0;0;0;0;1.386294365;484;121
8.75;16;3;2;0;0;1;1;1;1;0;0;0;1;0;0;0;0;1;0;0;2.169053793;9;4
6.53000021;16;3;2;0;1;0;0;1;1;0;0;0;0;0;0;0;1;1;0;0;1.876407027;9;4
7.599999905;12;41;11;0;1;0;0;1;1;0;0;0;0;0;0;0;1;1;0;0;2.028148174;1681;121
5;14;5;0;0;0;0;0;1;1;0;0;0;0;0;1;0;0;0;0;0;1.609437943;25;0
5;12;14;11;0;1;0;0;1;1;0;0;0;0;0;0;0;1;0;0;1;1.609437943;196;121
21.86000061;12;24;16;0;0;1;3;1;1;0;0;0;0;0;1;0;0;1;0;0;3.084658623;576;256
8.640000343;12;28;8;0;0;1;0;1;1;0;0;0;1;0;0;0;0;1;0;0;2.156402588;784;64
3.299999952;12;25;8;0;0;1;1;1;1;0;0;0;0;0;1;0;0;0;0;0;1.1939224;625;64
4.440000057;12;3;0;0;0;0;0;1;1;0;0;0;0;0;1;0;0;1;0;0;1.490654349;9;0
4.550000191;12;11;0;0;0;1;0;0;1;0;0;0;0;0;0;0;0;0;0;0;1.515127301;121;0
3.5;12;7;6;1;1;1;0;0;1;0;0;0;0;0;0;0;0;0;0;0;1.252762914;49;36
6.25;16;9;2;0;0;1;1;0;1;0;0;0;0;0;0;0;1;1;0;0;1.83258152;81;4
3.849999905;16;5;0;0;0;1;0;1;1;0;0;0;0;0;1;0;0;0;0;0;1.348073125;25;0
6.179999828;14;9;3;0;1;1;0;1;1;0;0;0;0;0;0;0;1;1;0;0;1.821318269;81;9
2.910000086;11;1;0;0;1;0;3;1;1;0;0;0;0;0;0;1;0;1;0;0;1.068153143;1;0
6.25;16;2;1;1;1;0;0;1;1;0;0;0;0;0;1;0;0;1;0;0;1.83258152;4;1
6.25;12;13;0;0;1;1;0;1;1;0;0;0;0;0;0;0;1;0;1;0;1.83258152;169;0
9.050000191;12;10;2;0;0;1;3;1;1;0;0;1;0;0;0;0;0;1;0;0;2.20276475;100;4
10;17;5;3;0;0;1;0;1;1;0;0;0;0;0;0;0;0;1;0;0;2.302585125;25;9
11.10999966;12;30;8;0;0;1;0;1;1;0;0;0;0;0;1;0;0;1;0;0;2.407845497;900;64
6.880000114;12;31;19;0;0;1;3;1;1;0;0;0;0;0;0;0;1;0;0;1;1.92861867;961;361
8.75;16;1;2;1;0;0;0;1;1;0;0;0;0;0;0;0;0;1;0;0;2.169053793;1;4
10;8;9;0;0;0;1;0;1;1;0;0;1;0;0;0;0;0;0;0;0;2.302585125;81;0
3.049999952;12;10;0;0;1;1;2;1;1;0;0;0;0;0;1;0;0;0;0;0;1.11514163;100;0
3;12;38;0;0;1;1;0;0;1;0;0;0;0;0;0;1;0;0;1;0;1.098612309;1444;0
5.800000191;12;19;6;0;1;1;2;0;1;0;0;0;1;0;0;0;0;0;0;0;1.757857919;361;36
4.099999905;16;5;0;0;1;1;0;1;1;0;0;0;0;0;0;0;1;1;0;0;1.4109869;25;0
8;12;26;2;0;0;1;1;1;1;0;0;0;0;0;0;0;0;0;0;0;2.079441547;676;4
6.150000095;12;35;12;0;1;0;0;1;1;0;0;0;0;0;1;0;0;0;0;0;1.816452146;1225;144
2.700000048;9;2;0;0;1;0;1;1;1;0;0;0;0;0;1;0;0;0;1;0;0.993251801;4;0
2.75;13;1;2;0;1;0;1;1;1;0;0;0;0;0;0;0;1;0;0;1;1.011600971;1;4
3;16;19;10;0;1;1;0;1;1;0;0;0;0;0;1;0;0;0;1;0;1.098612309;361;100
3;14;3;2;0;1;0;0;1;1;0;0;0;0;0;0;0;1;0;0;1;1.098612309;9;4
7.360000134;8;36;24;0;0;1;3;1;1;0;0;0;0;0;0;0;0;0;0;0;1.996059895;1296;576
7.5;14;29;24;0;0;1;1;1;1;0;0;0;0;0;0;0;0;1;0;0;2.014903069;841;576
3.5;13;1;2;0;0;0;3;1;1;0;0;0;0;0;1;0;0;0;0;0;1.252762914;1;4
8.100000381;12;38;3;0;1;1;1;1;1;0;0;0;0;0;0;0;1;1;0;0;2.091864109;1444;9
3.75;18;1;2;0;0;0;1;1;1;0;0;0;0;0;0;0;1;1;0;0;1.321755886;1;4
3.25;9;29;0;1;0;1;1;1;1;0;0;0;0;0;0;0;0;0;0;0;1.178655028;841;0
5.829999924;8;36;15;0;1;1;0;0;0;0;0;0;0;0;0;0;1;0;1;0;1.763016939;1296;225
3.5;8;4;0;0;0;0;3;1;0;0;0;0;0;0;1;0;0;0;0;1;1.252762914;16;0
3.329999924;12;45;4;0;1;1;0;0;0;0;0;0;0;0;1;0;0;0;0;0;1.202972293;2025;16
4;14;22;3;0;1;0;0;1;0;0;0;1;0;0;0;0;0;0;1;0;1.386294365;484;9
3.5;12;20;4;0;1;1;2;0;0;0;0;0;0;0;0;0;1;0;1;0;1.252762914;400;16
6.25;16;5;0;0;0;1;0;1;0;0;0;0;1;0;0;0;0;1;0;0;1.83258152;25;0
2.950000048;8;15;2;1;1;1;1;1;0;0;0;0;1;0;0;0;0;0;0;0;1.081805229;225;4
5.710000038;13;10;2;0;1;1;0;1;0;0;0;0;0;0;1;0;0;1;0;0;1.742218971;100;4
3;9;3;0;0;1;0;0;1;0;0;0;0;0;0;0;1;0;0;0;0;1.098612309;9;0
22.86000061;16;16;7;0;0;1;2;1;0;0;0;0;0;0;0;0;0;1;0;0;3.129388571;256;49
9;12;38;1;0;0;1;0;1;0;0;0;0;0;0;0;0;1;1;0;0;2.197224617;1444;1
8.329999924;15;33;26;0;0;1;1;1;0;0;0;0;0;0;0;0;1;1;0;0;2.11986351;1089;676
3;11;2;0;0;0;0;0;1;0;0;0;0;0;0;1;0;0;0;0;0;1.098612309;4;0
5.75;14;6;5;0;0;1;0;1;0;0;0;0;0;0;1;0;0;1;0;0;1.749199867;36;25
6.760000229;12;19;3;1;0;1;2;1;0;0;0;0;1;0;0;0;0;0;0;0;1.911022902;361;9
10;12;29;0;0;0;1;2;1;0;0;0;0;0;0;0;0;1;0;1;0;2.302585125;841;0
3;12;2;0;0;0;0;0;1;0;0;0;1;0;0;0;0;0;0;0;0;1.098612309;4;0
3.5;18;3;1;0;1;0;0;1;0;0;0;0;0;1;0;0;0;1;0;0;1.252762914;9;1
3.25;12;4;0;0;0;0;0;1;0;0;0;0;0;0;0;1;0;0;0;0;1.178655028;16;0
4;12;10;1;1;1;0;0;1;0;0;0;0;0;0;0;0;1;0;1;0;1.386294365;100;1
2.920000076;12;4;0;0;1;0;1;0;0;1;0;0;0;0;1;0;0;1;0;0;1.071583629;16;0
3.059999943;12;14;10;1;1;0;3;0;0;1;0;0;0;0;1;0;0;0;0;0;1.118414879;196;100
3.200000048;12;15;5;0;1;1;1;0;0;1;0;0;0;0;0;0;1;1;0;0;1.163150787;225;25
4.75;12;19;0;0;0;1;3;0;0;1;0;0;0;0;0;0;0;0;0;0;1.558144569;361;0
3;14;17;0;0;1;1;4;1;0;1;0;0;0;0;0;1;0;0;1;0;1.098612309;289;0
18.15999985;16;29;7;0;0;1;1;1;0;1;0;0;1;0;0;0;0;1;0;0;2.89922142;841;49
3.5;12;2;0;0;1;0;2;1;0;1;0;0;0;1;0;0;0;0;1;0;1.252762914;4;0
4.110000134;14;5;0;0;0;0;0;0;0;1;0;0;0;0;0;0;1;1;0;0;1.413423061;25;0
1.960000038;11;38;3;1;1;0;0;0;0;1;0;0;0;0;0;1;0;0;0;0;0.672944486;1444;9
4.289999962;12;3;0;0;1;0;0;0;0;1;0;0;0;0;1;0;0;0;0;1;1.456286669;9;0
3;10;47;0;0;0;0;0;0;0;1;0;0;0;0;0;1;0;0;0;1;1.098612309;2209;0
6.449999809;12;7;6;0;0;1;0;0;0;1;0;0;0;0;1;0;0;0;0;0;1.864080071;49;36
5.199999809;6;47;13;1;0;1;0;1;0;1;0;1;0;0;0;0;0;0;0;0;1.648658633;2209;169
4.5;13;23;2;1;1;0;0;1;0;1;0;0;0;0;1;0;0;1;0;0;1.504077435;529;4
3.880000114;12;12;3;0;0;1;3;1;0;1;0;0;0;0;1;0;0;0;1;0;1.355835199;144;9
3.450000048;10;11;0;0;1;0;2;1;0;1;0;0;0;0;1;0;0;0;0;1;1.238374233;121;0
10.90999985;12;25;23;0;0;0;0;1;0;1;0;0;0;1;0;0;0;0;0;0;2.38967967;625;529
4.099999905;14;6;0;0;1;1;0;1;0;1;0;0;0;0;0;1;0;0;0;1;1.4109869;36;0
3;13;3;1;0;0;0;0;1;0;1;0;0;0;0;1;0;0;0;0;0;1.098612309;9;1
5.900000095;12;14;7;1;0;1;2;1;0;1;0;0;0;0;0;1;0;0;0;0;1.774952412;196;49
18;18;13;0;0;1;0;0;1;0;1;0;0;0;0;0;0;1;1;0;0;2.890371799;169;0
4;12;9;0;0;0;0;0;1;0;1;0;0;0;0;0;0;1;1;0;0;1.386294365;81;0
3;12;1;0;1;0;0;0;1;0;1;0;0;0;0;0;1;0;0;0;0;1.098612309;1;0
3.549999952;12;6;0;0;1;1;1;0;0;0;0;0;0;0;0;0;0;0;0;0;1.266947627;36;0
3;12;11;1;0;1;1;2;0;0;0;0;0;0;0;0;1;0;0;0;1;1.098612309;121;1
8.75;12;47;44;0;0;1;0;0;0;0;0;0;0;0;0;0;0;0;0;0;2.169053793;2209;1936
2.900000095;8;49;6;0;1;0;1;0;0;0;0;0;1;0;0;0;0;0;0;0;1.064710736;2401;36
6.260000229;13;37;17;0;1;1;0;1;0;0;0;0;0;0;0;0;1;1;0;0;1.834180236;1369;289
3.5;13;2;0;0;1;0;0;1;0;0;0;0;0;0;1;0;0;1;0;0;1.252762914;4;0
4.599999905;14;7;0;0;1;1;0;1;0;0;0;0;0;0;1;0;0;0;1;0;1.52605629;49;0
6;12;22;8;0;0;0;2;1;0;0;0;0;0;0;1;0;0;1;0;0;1.791759491;484;64
2.890000105;10;8;0;0;1;0;1;1;0;0;0;0;0;0;0;0;0;0;0;0;1.061256528;64;0
5.579999924;16;1;1;0;0;1;0;1;0;0;0;0;0;0;0;0;1;0;1;0;1.719188809;1;1
4;12;43;6;0;1;1;0;0;0;0;0;0;0;1;0;0;0;0;0;0;1.386294365;1849;36
6;16;2;2;0;0;0;0;1;0;0;0;0;1;0;0;0;0;0;0;0;1.791759491;4;4
4.5;12;2;1;0;1;0;2;1;0;0;0;1;0;0;0;0;0;0;0;0;1.504077435;4;1
2.920000076;14;1;3;0;0;0;0;1;0;0;0;0;0;0;0;0;1;0;1;0;1.071583629;1;9
4.329999924;18;1;0;0;0;0;0;1;0;0;0;0;0;0;1;0;0;1;0;0;1.46556747;1;0
18.88999939;17;26;20;0;0;1;2;1;0;0;0;0;0;0;0;0;1;1;0;0;2.938632727;676;400
4.28000021;13;1;1;0;1;0;2;1;0;0;0;0;0;0;1;0;0;1;0;0;1.453953028;1;1
4.570000172;14;37;7;0;1;1;0;1;0;0;0;0;0;0;0;1;0;0;0;1;1.519513249;1369;49
6.25;15;12;4;0;1;1;2;1;0;0;0;0;0;0;0;0;1;1;0;0;1.83258152;144;16
2.950000048;14;41;23;1;0;1;0;0;1;0;0;0;0;0;0;0;1;1;0;0;1.081805229;1681;529
8.75;12;24;1;0;0;0;0;1;1;0;0;0;1;0;0;0;0;1;0;0;2.169053793;576;1
8.5;8;38;26;0;0;0;0;1;1;0;0;0;0;0;0;0;0;0;0;0;2.140066147;1444;676
3.75;12;18;0;0;1;1;4;1;1;0;0;0;0;0;0;0;1;0;1;0;1.321755886;324;0
3.150000095;12;26;1;0;0;1;0;1;1;0;0;0;0;0;1;0;0;1;0;0;1.147402525;676;1
5;8;45;2;0;0;0;0;0;1;0;0;0;1;0;0;0;0;0;0;0;1.609437943;2025;4
6.460000038;12;27;0;0;0;1;3;0;1;0;0;0;0;0;0;0;0;0;0;0;1.865629315;729;0
2;9;2;0;0;0;0;3;0;1;0;0;0;0;0;1;0;0;0;0;1;0.693147182;4;0
4.789999962;12;41;8;0;0;1;0;1;1;0;0;0;0;0;1;0;0;1;0;0;1.566530347;1681;64
5.78000021;16;11;4;0;0;1;2;1;1;0;0;0;1;0;0;0;0;1;0;0;1.75440371;121;16
3.180000067;12;5;0;0;1;1;0;1;1;0;0;0;0;0;0;0;1;0;0;1;1.156881213;25;0
4.679999828;16;3;1;0;1;0;0;1;1;0;0;0;0;0;0;0;1;1;0;0;1.543298125;9;1
4.099999905;12;3;2;0;1;0;0;1;1;0;0;0;0;0;0;0;1;0;0;1;1.4109869;9;4
2.910000086;12;4;0;0;0;1;0;1;0;1;0;0;0;0;1;0;0;0;0;0;1.068153143;16;0
6;13;21;13;0;0;1;4;0;0;1;0;0;1;0;0;0;0;0;0;0;1.791759491;441;169
3.599999905;10;34;26;0;1;1;0;0;0;1;0;0;1;0;0;0;0;0;0;0;1.280933857;1156;676
3.950000048;6;49;6;0;0;1;6;0;0;1;0;0;0;0;0;0;0;0;0;0;1.373715639;2401;36
7;12;6;5;1;0;1;1;0;0;1;0;1;0;0;0;0;0;0;0;0;1.945910096;36;25
3;12;26;9;0;1;1;0;0;0;1;0;0;0;0;0;1;0;0;0;1;1.098612309;676;81
6.079999924;16;9;0;0;0;0;0;0;0;1;0;0;0;0;0;1;0;1;0;0;1.805004716;81;0
8.630000114;12;23;9;0;0;1;1;0;0;1;0;0;1;0;0;0;0;0;0;0;2.155244589;529;81
3;8;33;2;0;0;1;0;0;0;1;0;0;1;0;0;0;0;0;0;0;1.098612309;1089;4
3.75;12;5;2;0;1;1;1;0;0;1;0;0;0;0;0;0;1;0;1;0;1.321755886;25;4
2.900000095;6;49;7;0;0;1;0;0;0;1;0;0;0;0;0;0;0;0;0;1;1.064710736;2401;49
3;4;48;0;1;0;1;0;0;0;1;0;0;1;0;0;0;0;0;0;0;1.098612309;2304;0
6.25;11;35;31;0;0;1;0;1;0;1;0;0;0;0;1;0;0;0;0;0;1.83258152;1225;961
3.5;11;23;2;1;1;0;2;0;0;1;0;0;1;0;0;0;0;0;0;0;1.252762914;529;4
3;7;26;1;0;1;0;3;0;0;1;0;0;0;0;1;0;0;0;0;1;1.098612309;676;1
3.24000001;12;16;0;0;1;1;2;1;0;1;0;0;0;0;1;0;0;0;1;0;1.175573349;256;0
8.020000458;18;23;3;0;1;1;1;1;0;1;0;0;0;0;0;0;1;1;0;0;2.081938505;529;9
3.329999924;12;36;8;0;1;1;1;1;0;1;0;0;0;0;0;0;1;0;1;0;1.202972293;1296;64
5.25;16;4;0;0;0;0;0;1;0;1;0;0;1;0;0;0;0;1;0;0;1.65822804;16;0
6.25;12;10;0;0;0;1;3;1;0;1;0;1;0;0;0;0;0;0;0;0;1.83258152;100;0
3.5;14;18;2;0;0;1;1;0;1;0;0;0;0;0;1;0;0;1;0;0;1.252762914;324;4
2.950000048;12;3;1;0;0;0;1;0;1;0;0;0;0;0;1;0;0;0;0;0;1.081805229;9;1
3;10;7;0;0;1;1;2;0;1;0;0;0;0;0;0;0;1;0;0;1;1.098612309;49;0
4.690000057;10;7;7;0;0;0;0;0;1;0;0;0;0;0;0;0;0;0;0;0;1.545432568;49;49
3.730000019;9;33;2;0;1;0;1;0;1;0;0;0;0;0;0;0;0;0;0;0;1.316408277;1089;4
4;10;34;12;0;0;1;0;0;1;0;0;0;0;0;0;0;0;0;0;0;1.386294365;1156;144
4;12;8;0;0;1;1;2;0;1;0;0;0;0;0;1;0;0;1;0;0;1.386294365;64;0
2.900000095;12;17;1;0;1;1;2;0;1;0;0;0;1;0;0;0;0;0;0;0;1.064710736;289;1
3.049999952;12;2;0;0;1;0;1;0;1;0;0;0;0;0;0;0;1;0;0;1;1.11514163;4;0
5.050000191;10;5;0;0;1;0;0;1;1;0;0;0;0;0;0;0;1;0;1;0;1.619388223;25;0
13.94999981;16;41;16;0;0;1;0;1;1;0;0;0;1;0;0;0;0;1;0;0;2.63547945;1681;256
18.15999985;16;35;28;0;0;1;1;1;1;0;0;0;1;0;0;0;0;1;0;0;2.89922142;1225;784
6.25;16;11;4;0;0;0;0;1;1;0;0;0;0;0;0;1;0;1;0;0;1.83258152;121;16
5.25;12;4;0;1;0;0;0;1;1;0;0;0;1;0;0;0;0;0;1;0;1.65822804;16;0
4.789999962;12;12;3;0;1;1;3;1;1;0;0;0;0;0;0;0;1;1;0;0;1.566530347;144;9
3.349999905;7;35;0;0;1;0;1;1;0;1;0;0;0;0;0;0;0;0;0;0;1.208960295;1225;0
3;8;33;0;0;0;1;1;1;0;1;0;0;0;1;0;0;0;0;0;0;1.098612309;1089;0
8.430000305;16;8;6;0;0;1;0;1;0;1;0;0;1;0;0;0;0;1;0;0;2.131796837;64;36
5.699999809;16;2;0;0;0;0;0;1;0;1;0;0;0;0;1;0;0;1;0;0;1.740466118;4;0
11.97999954;18;8;10;0;0;1;2;1;0;1;0;0;0;1;0;0;0;1;0;0;2.483238459;64;100
3.5;13;29;1;0;1;1;0;0;0;1;0;0;0;0;0;0;1;0;1;0;1.252762914;841;1
4.239999771;10;14;5;1;0;1;1;0;0;1;0;0;0;0;1;0;0;0;0;0;1.44456327;196;25
7;16;26;3;0;1;1;1;1;0;1;0;0;0;0;0;0;1;1;0;0;1.945910096;676;9
6;14;11;3;0;1;1;2;1;0;1;0;0;0;0;0;0;1;0;1;0;1.791759491;121;9
12.22000027;16;10;2;0;0;0;0;1;0;1;0;0;0;0;0;0;1;1;0;0;2.503073931;100;4
4.5;12;13;0;0;0;1;0;1;0;1;0;0;0;0;1;0;0;0;0;0;1.504077435;169;0
3;9;23;20;0;1;1;2;0;0;1;0;0;1;0;0;0;0;0;0;0;1.098612309;529;400
2.900000095;11;1;2;1;0;0;2;0;0;1;0;0;0;0;1;0;0;0;0;1;1.064710736;1;4
15;11;35;31;0;0;1;0;0;0;1;0;0;1;0;0;0;0;0;0;0;2.708050251;1225;961
4;12;5;2;0;0;1;0;0;0;1;0;1;0;0;0;0;0;0;0;0;1.386294365;25;4
5.25;11;13;11;0;0;1;2;0;0;1;0;0;1;0;0;0;0;0;0;0;1.65822804;169;121
4;12;22;3;0;0;1;3;0;0;1;0;0;1;0;0;0;0;0;0;0;1.386294365;484;9
3.299999952;12;21;9;0;1;1;2;0;0;1;0;0;0;0;1;0;0;1;0;0;1.1939224;441;81
5.050000191;12;19;0;0;1;1;3;0;0;1;0;0;0;0;0;0;1;0;1;0;1.619388223;361;0
3.579999924;12;13;0;0;0;0;0;1;0;1;0;0;0;0;0;1;0;0;0;0;1.27536273;169;0
5;14;15;5;0;0;1;2;0;0;1;0;0;0;0;1;0;0;1;0;0;1.609437943;225;25
4.570000172;14;3;0;0;0;1;0;0;0;1;0;0;0;0;0;0;1;1;0;0;1.519513249;9;0
12.5;18;6;2;0;0;0;0;1;0;1;0;0;0;0;0;1;0;0;1;0;2.525728703;36;4
3.450000048;12;6;5;0;1;1;0;1;0;1;0;0;0;0;1;0;0;0;1;0;1.238374233;36;25
4.630000114;12;16;1;0;1;0;0;1;0;1;0;0;0;0;0;0;1;0;1;0;1.532556891;256;1
10;12;31;2;0;0;1;0;1;0;1;0;0;0;0;1;0;0;1;0;0;2.302585125;961;4
2.920000076;11;1;0;0;1;0;1;0;1;0;0;0;0;0;1;0;0;0;0;1;1.071583629;1;0
4.510000229;12;5;2;0;0;0;0;1;1;0;0;0;0;0;1;0;0;0;0;0;1.506297231;25;4
6.5;17;3;0;0;0;1;0;1;1;0;0;0;0;0;0;0;1;1;0;0;1.871802211;9;0
7.5;16;11;0;0;0;1;0;1;1;0;0;0;0;0;0;1;0;1;0;0;2.014903069;121;0
3.539999962;13;6;7;0;1;1;0;0;1;0;0;0;0;0;0;0;1;0;1;0;1.264126658;36;49
4.199999809;13;11;3;0;1;1;2;1;1;0;0;0;0;0;1;0;0;0;1;0;1.435084462;121;9
3.50999999;12;7;2;0;1;1;0;1;1;0;0;0;0;0;1;0;0;0;1;0;1.255616069;49;4
4.5;14;5;0;0;0;1;0;1;1;0;0;1;0;0;0;0;0;1;0;0;1.504077435;25;0
3.349999905;14;5;4;0;1;1;0;1;1;0;0;0;0;0;1;0;0;1;0;0;1.208960295;25;16
2.910000086;11;2;2;0;0;0;2;1;1;0;0;0;0;0;1;0;0;0;0;1;1.068153143;4;4
5.25;10;44;7;0;0;1;1;1;1;0;0;0;0;0;0;0;0;0;0;0;1.65822804;1936;49
4.050000191;8;44;25;0;0;1;0;1;1;0;0;0;1;0;0;0;0;0;0;1;1.398716927;1936;625
3.75;14;13;0;0;1;1;3;1;1;0;0;0;0;0;1;0;0;0;1;0;1.321755886;169;0
3.400000095;12;26;15;0;1;1;1;1;1;0;0;1;0;0;0;0;0;0;1;0;1.223775506;676;225
3;10;2;1;0;1;0;1;1;0;1;0;0;0;0;1;0;0;0;1;0;1.098612309;4;1
6.289999962;17;10;3;0;0;1;1;1;0;1;0;0;0;0;0;1;0;1;0;0;1.838961005;100;9
2.539999962;9;2;0;0;1;0;1;1;0;1;0;0;0;0;1;0;0;0;0;1;0.932164073;4;0
4.5;12;35;0;0;1;1;1;1;0;1;0;0;0;0;1;0;0;0;1;0;1.504077435;1225;0
3.130000114;12;6;5;0;1;1;1;1;0;1;0;0;0;0;0;0;1;0;1;0;1.141033053;36;25
6.360000134;14;8;1;0;0;1;0;1;0;1;0;0;0;0;1;0;0;1;0;0;1.850028396;64;1
4.679999828;16;1;0;0;0;0;0;1;0;1;0;0;1;0;0;0;0;1;0;0;1.543298125;1;0
6.800000191;12;14;10;0;0;1;2;0;0;1;0;0;1;0;0;0;0;0;0;0;1.916922688;196;100
8.529999733;10;14;6;0;0;1;0;0;0;1;0;0;0;0;0;0;0;0;0;0;2.143589258;196;36
4.170000076;0;22;10;0;1;0;0;0;0;1;0;0;0;0;0;1;0;0;0;0;1.42791605;484;100
3.75;14;8;4;0;1;1;0;0;0;1;0;0;0;1;0;0;0;1;0;0;1.321755886;64;16
11.10000038;15;1;4;0;1;0;2;0;0;1;0;0;0;0;0;0;1;0;1;0;2.406945229;1;16
3.25999999;16;15;5;1;1;1;2;1;0;1;0;0;0;0;1;0;0;1;0;0;1.181727171;225;25
9.130000114;12;14;12;0;0;1;3;1;0;1;0;0;1;0;0;0;0;1;0;0;2.211565733;196;144
4.5;11;37;10;0;0;1;2;1;0;1;0;0;1;0;0;0;0;0;0;0;1.504077435;1369;100
3;11;1;1;0;1;0;1;1;0;1;0;0;0;0;0;0;1;0;0;1;1.098612309;1;1
8.75;12;4;4;0;0;1;0;1;0;1;0;0;0;0;0;0;1;0;1;0;2.169053793;16;16
4.139999866;13;29;0;0;1;1;0;1;0;1;0;0;0;0;1;0;0;0;1;0;1.420695782;841;0
2.869999886;12;45;8;0;1;1;0;0;1;0;0;0;0;0;1;0;0;1;0;0;1.054311991;2025;64
3.349999905;13;22;0;0;1;0;2;0;1;0;0;0;0;0;1;0;0;0;1;0;1.208960295;484;0
6.079999924;16;42;10;0;0;0;0;0;1;0;0;0;0;0;1;0;0;1;0;0;1.805004716;1764;100
3;15;9;0;1;0;0;0;0;1;0;0;0;0;0;0;1;0;0;0;0;1.098612309;81;0
4.199999809;16;8;0;0;1;1;1;1;1;0;0;0;0;0;0;0;1;0;1;0;1.435084462;64;0
5.599999905;15;31;15;0;1;0;2;1;1;0;0;0;0;0;0;0;1;0;0;1;1.722766638;961;225
10;12;24;24;0;0;1;0;1;1;0;0;0;1;0;0;0;0;0;0;0;2.302585125;576;576
12.5;18;16;5;0;0;1;1;1;1;0;0;0;0;0;0;0;1;1;0;0;2.525728703;256;25
3.75999999;6;6;0;0;0;0;4;0;0;1;0;0;0;0;0;0;0;0;0;0;1.324418902;36;0
3.099999905;6;14;0;1;1;0;5;1;0;1;0;0;0;0;1;0;0;0;1;0;1.131402135;196;0
4.289999962;12;47;25;0;1;1;2;1;0;1;0;0;1;0;0;0;0;0;1;0;1.456286669;2209;625
10.92000008;12;34;5;0;0;1;0;0;0;1;0;0;0;0;0;0;1;1;0;0;2.390595913;1156;25
7.5;16;6;2;0;1;1;1;1;0;1;0;0;0;0;0;0;1;1;0;0;2.014903069;36;4
4.050000191;9;7;4;0;1;1;1;1;0;1;0;0;0;0;0;0;0;0;0;0;1.398716927;49;16
4.650000095;12;27;2;0;0;1;3;1;0;1;0;0;0;0;0;0;0;0;0;1;1.536867261;729;4
5;11;24;5;0;0;1;0;1;0;1;0;0;0;0;1;0;0;0;0;0;1.609437943;576;25
2.900000095;10;18;0;0;1;1;2;0;0;1;0;0;0;0;1;0;0;0;1;0;1.064710736;324;0
8;12;12;3;1;1;0;1;0;0;1;0;0;0;0;0;0;0;0;0;0;2.079441547;144;9
8.430000305;8;27;3;0;0;1;3;1;0;1;0;0;1;0;0;0;0;0;0;0;2.131796837;729;9
2.920000076;9;49;0;0;1;0;0;1;0;1;0;0;0;0;0;1;0;0;0;0;1.071583629;2401;0
6.25;17;4;0;0;1;0;0;1;0;0;1;0;0;0;1;0;0;1;0;0;1.83258152;16;0
6.25;16;24;2;0;1;1;2;1;0;0;1;0;0;0;0;0;1;1;0;0;1.83258152;576;4
5.110000134;11;3;0;0;0;0;0;1;0;0;1;1;0;0;0;0;0;0;0;0;1.631199479;9;0
4;10;2;0;0;1;0;1;1;0;0;1;0;0;0;0;1;0;0;0;0;1.386294365;4;0
4.440000057;8;29;11;0;0;1;3;0;0;1;0;0;0;0;1;0;0;1;0;0;1.490654349;841;121
6.880000114;13;34;21;0;0;1;0;0;0;1;0;0;0;0;0;1;0;1;0;0;1.92861867;1156;441
5.429999828;14;10;3;1;0;1;1;1;0;1;0;0;0;0;1;0;0;1;0;0;1.691939116;100;9
3;13;5;0;0;1;0;1;1;0;1;0;0;0;0;0;0;1;0;0;1;1.098612309;25;0
2.900000095;11;2;0;0;1;0;2;1;0;1;0;0;0;0;1;0;0;1;0;0;1.064710736;4;0
6.25;7;39;21;1;0;1;0;1;0;1;0;0;0;0;1;0;0;0;0;0;1.83258152;1521;441
4.340000153;16;5;2;1;1;0;0;1;0;1;0;0;0;0;0;0;1;0;1;0;1.467874408;25;4
3.25;12;14;2;0;1;1;2;0;0;1;0;0;0;1;0;0;0;0;1;0;1.178655028;196;4
7.260000229;13;8;2;0;0;0;0;1;0;1;0;0;0;0;1;0;0;1;0;0;1.982379913;64;4
6.349999905;14;10;1;0;1;1;2;1;0;1;0;0;0;0;0;0;0;0;0;0;1.848454833;100;1
5.630000114;16;2;2;0;0;1;0;1;0;0;0;0;0;0;1;0;0;0;0;1;1.728109479;4;4
8.75;14;9;3;0;0;1;1;1;0;0;0;0;1;0;0;0;0;1;0;0;2.169053793;81;9
3.200000048;11;1;0;0;0;0;0;0;0;0;0;0;0;0;1;0;0;0;0;1;1.163150787;1;0
3;8;45;1;0;1;1;0;0;0;0;0;0;0;0;0;0;0;0;0;0;1.098612309;2025;1
3;14;33;3;0;1;1;0;1;0;0;0;0;0;0;0;0;1;0;0;1;1.098612309;1089;9
12.5;17;21;18;0;0;1;3;1;0;0;0;0;0;0;0;0;0;1;0;0;2.525728703;441;324
2.880000114;10;2;0;0;1;0;3;1;0;0;0;0;0;0;1;0;0;0;1;0;1.057790279;4;0
3.349999905;12;9;1;0;0;1;0;1;1;0;0;0;0;0;1;0;0;0;0;0;1.208960295;81;1
6.5;12;33;2;0;0;1;0;0;1;0;0;0;0;0;0;0;0;0;0;0;1.871802211;1089;4
10.38000011;18;16;2;1;0;1;1;1;1;0;0;0;0;0;0;0;1;1;0;0;2.339880943;256;4
4.5;14;10;0;0;0;1;0;1;1;0;0;0;0;0;0;0;1;0;0;0;1.504077435;100;0
10;18;9;8;0;0;0;0;0;1;0;0;0;0;1;0;0;0;1;0;0;2.302585125;81;64
3.809999943;12;8;1;0;1;1;2;0;1;0;0;0;0;0;0;1;0;0;0;1;1.337629199;64;1
8.800000191;16;9;1;0;0;1;0;0;0;1;0;0;0;0;0;0;1;1;0;0;2.174751759;81;1
9.420000076;14;23;0;0;1;1;2;0;0;1;0;0;0;0;0;1;0;0;0;0;2.242835045;529;0
6.329999924;12;23;8;0;0;1;2;0;0;1;0;0;0;0;0;0;0;1;0;0;1.845300198;529;64
4;9;22;18;1;0;0;0;0;0;1;0;0;0;0;0;0;0;0;0;0;1.386294365;484;324
2.900000095;12;37;0;0;1;1;0;0;0;1;0;0;0;0;1;0;0;1;0;0;1.064710736;1369;0
20;12;22;4;0;0;1;1;0;0;1;0;0;0;0;1;0;0;1;0;0;2.995732307;484;16
11.25;17;28;25;0;0;1;1;1;0;1;0;0;1;0;0;0;0;0;0;0;2.420368195;784;625
3.5;12;14;0;1;1;0;2;1;0;1;0;1;0;0;0;0;0;0;0;0;1.252762914;196;0
6;15;19;4;0;1;1;2;1;0;1;0;0;0;0;0;0;1;0;0;1;1.791759491;361;16
14.38000011;17;10;9;1;0;1;1;0;0;1;0;0;1;0;0;0;0;1;0;0;2.665838242;100;81
6.360000134;16;25;0;0;0;1;1;1;0;1;0;0;1;0;0;0;0;1;0;0;1.850028396;625;0
3.549999952;12;21;0;0;1;1;1;0;0;1;0;0;1;0;0;0;0;0;0;0;1.266947627;441;0
3;15;32;0;0;0;1;0;1;0;1;0;0;0;0;0;1;0;0;0;1;1.098612309;1024;0
4.5;16;21;10;0;0;1;1;1;0;1;0;0;0;0;1;0;0;1;0;0;1.504077435;441;100
6.630000114;12;36;0;0;1;0;0;1;0;1;0;0;0;0;1;0;0;0;1;0;1.891604781;1296;0
9.300000191;15;2;2;0;0;1;0;1;0;1;0;0;0;0;1;0;0;0;0;0;2.230014324;4;4
3;12;11;0;0;1;1;2;1;0;1;0;0;0;0;1;0;0;1;0;0;1.098612309;121;0
3.25;12;40;2;0;1;0;0;0;1;0;0;0;0;0;1;0;0;0;0;1;1.178655028;1600;4
1.5;12;11;1;0;1;1;2;0;1;0;0;0;0;0;0;0;1;0;0;1;0.405465096;121;1
5.900000095;12;9;7;0;1;1;1;1;1;0;0;0;0;0;0;0;0;0;0;0;1.774952412;81;49
8;16;23;4;0;0;0;0;1;1;0;0;0;0;0;1;0;0;1;0;0;2.079441547;529;16
2.900000095;11;1;0;0;1;0;1;1;1;0;0;0;0;0;1;0;0;1;0;0;1.064710736;1;0
3.289999962;14;30;13;0;0;0;0;1;1;0;0;0;0;0;1;0;0;1;0;0;1.19088757;900;169
6.5;14;41;33;0;0;1;0;1;1;0;0;0;0;0;1;0;0;1;0;0;1.871802211;1681;1089
4;13;6;0;0;1;0;1;1;1;0;0;1;0;0;0;0;0;0;1;0;1.386294365;36;0
6;14;11;0;0;0;1;0;0;1;0;0;0;0;0;1;0;0;0;0;0;1.791759491;121;0
4.079999924;12;43;17;0;1;1;0;1;1;0;0;0;0;0;0;0;1;0;1;0;1.406096935;1849;289
3.75;12;39;2;0;1;1;0;1;1;0;0;0;0;0;0;1;0;1;0;0;1.321755886;1521;4
3.049999952;8;50;24;0;1;0;0;0;0;1;0;0;1;0;0;0;0;0;0;0;1.11514163;2500;576
3.5;12;26;20;0;1;1;0;0;0;1;0;0;1;0;0;0;0;0;0;0;1.252762914;676;400
2.920000076;3;51;30;1;0;0;0;1;0;1;0;0;0;0;0;1;0;0;0;1;1.071583629;2601;900
4.5;11;3;9;0;0;0;0;1;0;1;0;1;0;0;0;0;0;0;0;0;1.504077435;9;81
3.349999905;15;3;1;0;1;1;2;1;0;1;0;0;0;0;0;1;0;0;1;0;1.208960295;9;1
5.949999809;11;15;9;1;0;1;1;0;0;1;0;1;0;0;0;0;0;0;0;0;1.783391237;225;81
8;12;17;6;0;0;1;2;0;0;1;0;0;0;0;1;0;0;1;0;0;2.079441547;289;36
3;4;36;0;0;0;1;1;0;0;1;0;1;0;0;0;0;0;0;0;0;1.098612309;1296;0
5;9;31;9;1;0;1;6;0;0;1;0;0;0;0;0;0;0;0;0;0;1.609437943;961;81
5.5;12;9;4;0;0;1;1;0;0;1;0;0;0;0;1;0;0;0;0;0;1.704748034;81;16
2.650000095;12;42;10;0;1;1;0;1;0;0;1;0;0;0;0;1;0;0;1;0;0.974559665;1764;100
3;11;3;0;0;1;0;2;1;0;0;1;0;0;0;1;0;0;0;0;0;1.098612309;9;0
4.5;12;37;14;0;1;1;0;0;0;0;1;0;0;0;0;0;1;0;1;0;1.504077435;1369;196
17.5;16;23;22;0;0;1;3;1;0;0;1;0;0;0;1;0;0;1;0;0;2.862200975;529;484
8.180000305;13;21;5;0;0;0;0;1;0;0;1;0;0;0;1;0;0;1;0;0;2.1016922;441;25
9.090000153;15;11;12;0;0;1;1;1;0;0;1;0;0;1;0;0;0;1;0;0;2.207175016;121;144
11.81999969;16;35;13;0;0;1;0;1;0;0;1;0;0;1;0;0;0;1;0;0;2.469793081;1225;169
3.25;12;42;0;0;1;1;0;1;0;0;1;0;0;0;1;0;0;1;0;0;1.178655028;1764;0
4.5;12;3;0;0;0;0;0;1;0;0;1;0;0;0;0;0;0;0;0;0;1.504077435;9;0
4.5;12;13;0;0;0;1;0;1;0;0;1;0;0;0;0;0;0;0;0;0;1.504077435;169;0
3.710000038;9;14;7;0;0;1;2;0;0;1;0;0;1;0;0;0;0;0;0;0;1.311031938;196;49
6.5;10;14;11;0;0;1;3;0;0;1;0;0;0;0;1;0;0;0;0;0;1.871802211;196;121
2.900000095;12;39;1;0;1;1;0;0;0;1;0;0;0;0;0;0;1;0;0;1;1.064710736;1521;1
5.599999905;11;11;8;0;0;1;2;0;0;1;0;0;0;0;0;0;0;0;1;0;1.722766638;121;64
2.230000019;8;28;3;0;0;1;4;0;0;1;0;0;0;0;0;0;1;1;0;0;0.802001595;784;9
5;6;18;0;0;1;1;3;1;0;0;1;0;0;0;1;0;0;0;0;1;1.609437943;324;0
8.329999924;16;6;2;0;0;1;0;1;0;0;1;0;0;1;0;0;0;0;1;0;2.11986351;36;4
2.900000095;12;26;1;0;1;0;4;1;0;1;0;0;0;0;1;0;0;0;1;0;1.064710736;676;1
6.25;12;21;6;0;0;1;3;1;0;1;0;0;0;0;1;0;0;1;0;0;1.83258152;441;36
4.550000191;16;34;2;0;0;1;0;0;0;1;0;0;0;0;0;0;1;1;0;0;1.515127301;1156;4
3.279999971;12;17;2;0;1;0;0;0;0;1;0;0;0;0;0;0;1;0;0;1;1.187843442;289;4
2.299999952;10;2;0;0;1;0;4;1;1;0;0;0;0;0;1;0;0;0;0;1;0.832909107;4;0
3.299999952;13;5;0;0;1;0;0;1;1;0;0;0;0;0;0;0;1;1;0;0;1.1939224;25;0
3.150000095;13;1;0;0;1;0;4;1;1;0;0;0;0;1;0;0;0;0;1;0;1.147402525;1;0
12.5;14;40;30;0;0;1;0;1;1;0;0;0;0;0;0;0;0;1;0;0;2.525728703;1600;900
5.150000095;16;39;21;0;1;0;0;1;0;0;1;0;0;0;0;0;1;0;1;0;1.63899672;1521;441
3.130000114;10;1;1;0;0;0;2;1;0;0;1;0;0;0;1;0;0;0;0;1;1.141033053;1;1
7.25;12;14;5;0;0;1;3;1;0;0;1;0;0;1;0;0;0;0;0;0;1.981001496;196;25
2.900000095;12;2;2;0;1;0;0;1;0;0;1;0;0;0;0;0;1;0;1;0;1.064710736;4;4
1.75;11;2;1;0;0;0;2;1;0;0;1;0;0;0;1;0;0;0;0;1;0.559615791;4;1
2.890000105;0;42;0;0;1;1;2;0;0;0;1;0;0;0;0;1;0;0;0;0;1.061256528;1764;0
2.900000095;5;34;0;0;1;1;5;0;0;0;1;0;1;0;0;0;0;0;0;0;1.064710736;1156;0
17.70999908;16;10;3;0;0;1;1;1;0;0;1;1;0;0;0;0;0;1;0;0;2.874129295;100;9
6.25;16;4;3;0;0;1;0;0;0;0;1;0;0;1;0;0;0;0;0;1;1.83258152;16;9
2.599999905;9;4;0;0;0;0;1;0;0;0;1;0;0;0;1;0;0;0;0;0;0.955511391;16;0
6.630000114;15;21;3;0;1;1;2;0;0;0;1;0;0;0;0;0;1;1;0;0;1.891604781;441;9
3.5;12;31;3;1;1;0;1;1;0;0;1;0;0;0;0;1;0;0;0;0;1.252762914;961;9
6.5;12;20;14;0;0;1;3;1;0;0;1;0;0;0;1;0;0;0;0;0;1.871802211;400;196
3;12;36;1;1;1;0;0;1;0;0;1;0;0;0;0;1;0;0;0;0;1.098612309;1296;1
4.380000114;13;7;0;1;0;1;1;1;0;0;1;0;1;0;0;0;0;0;0;0;1.477048755;49;0
10;12;15;0;0;0;0;1;0;0;0;0;0;0;0;0;1;0;1;0;0;2.302585125;225;0
4.949999809;7;25;17;0;0;1;5;0;0;0;0;1;0;0;0;0;0;0;0;0;1.599387527;625;289
9;17;7;0;0;1;1;2;0;0;0;0;0;0;0;0;0;1;1;0;0;2.197224617;49;0
1.429999948;12;17;0;0;1;1;2;0;0;0;0;0;0;0;1;0;0;0;0;0;0.35767442;289;0
3.079999924;12;3;1;0;0;0;0;0;0;0;0;0;0;0;0;0;1;1;0;0;1.124929547;9;1
9.329999924;14;12;11;0;0;1;3;0;0;0;0;0;0;0;0;0;1;1;0;0;2.233235121;144;121
7.5;12;18;5;0;0;1;2;0;0;0;1;0;0;0;1;0;0;0;0;0;2.014903069;324;25
4.75;13;47;1;0;0;1;0;0;0;0;1;0;0;0;1;0;0;0;0;0;1.558144569;2209;1
5.650000095;12;2;0;0;0;0;0;0;0;0;1;1;0;0;0;0;0;0;0;0;1.731655598;4;0
15;16;14;2;0;1;1;2;0;0;0;1;0;0;0;0;0;1;1;0;0;2.708050251;196;4
2.269999981;10;2;0;0;1;0;3;0;0;0;1;0;0;0;1;0;0;1;0;0;0.819779813;4;0
4.670000076;15;13;18;0;0;1;3;0;0;0;1;1;0;0;0;0;0;1;0;0;1.541159034;169;324
11.56000042;16;5;1;0;0;1;0;0;0;0;1;0;1;0;0;0;0;0;0;0;2.447551012;25;1
3.5;14;5;4;1;1;0;2;0;0;0;1;0;0;0;0;0;1;0;1;0;1.252762914;25;16